"date","province","province_id","cumulative_cases","adjusted_cumulative_cases","cumulative_deaths","cumulative_recoveries","active_cases","population","deaths_per_100k","day_no","daily_cases","daily_deaths","cases_seven_day_average","deaths_seven_day_average","active_cases_seven_day_average","weekly_cases_total","week_no","cases_per_100k_seven_day_average","incidence"
2020-03-23,"Gauteng","GP",207,0,0,0,207,15176116,0,1,0,0,NA,NA,NA,NA,NA,0,207
2020-03-24,"Gauteng","GP",302,0,0,0,302,15176116,0,2,95,0,NA,NA,NA,NA,NA,0,95
2020-03-25,"Gauteng","GP",319,0,0,0,319,15176116,0,3,17,0,NA,NA,NA,NA,NA,0,17
2020-03-26,"Gauteng","GP",409,0,0,0,409,15176116,0,4,90,0,NA,NA,NA,NA,NA,0,90
2020-03-27,"Gauteng","GP",409,0,0,0,409,15176116,0,5,0,0,NA,NA,NA,NA,NA,0,0
2020-03-28,"Gauteng","GP",533,0,0,0,533,15176116,0,6,124,0,NA,NA,NA,NA,NA,0,124
2020-03-29,"Gauteng","GP",584,0,0,0,584,15176116,0,7,51,0,53.9,0,395,377,1,0.4,51
2020-03-30,"Gauteng","GP",618,0,0,0,618,15176116,0,8,34,0,58.7,0,453,411,NA,0.4,34
2020-03-31,"Gauteng","GP",633,0,1,0,632,15176116,0.01,9,15,1,47.3,0.1,501,331,NA,0,15
2020-04-01,"Gauteng","GP",645,0,1,0,644,15176116,0.01,10,12,0,46.6,0.1,547,326,NA,0,12
2020-04-02,"Gauteng","GP",663,0,1,0,662,15176116,0.01,11,18,0,36.3,0.1,583,254,NA,0,18
2020-04-03,"Gauteng","GP",672,0,1,0,671,15176116,0.01,12,9,0,37.6,0.1,621,263,NA,0,9
2020-04-04,"Gauteng","GP",693,0,1,0,692,15176116,0.01,13,21,0,22.9,0.1,643,160,NA,0,21
2020-04-05,"Gauteng","GP",704,0,1,0,703,15176116,0.01,14,11,0,17.1,0.1,660,120,2,0,11
2020-04-06,"Gauteng","GP",713,0,1,0,712,15176116,0.01,15,9,0,13.6,0.1,674,95,NA,0,9
2020-04-07,"Gauteng","GP",713,0,1,0,712,15176116,0.01,16,0,0,11.4,0,685,80,NA,0,0
2020-04-08,"Gauteng","GP",782,0,3,0,779,15176116,0.02,17,69,2,19.6,0.3,704,137,NA,0,69
2020-04-09,"Gauteng","GP",795,0,3,0,792,15176116,0.02,18,13,0,18.9,0.3,723,132,NA,0,13
2020-04-10,"Gauteng","GP",801,0,3,157,641,15176116,0.02,19,6,0,18.4,0.3,719,129,NA,0,6
2020-04-11,"Gauteng","GP",813,0,3,157,653,15176116,0.02,20,12,0,17.1,0.3,713,120,NA,0,12
2020-04-12,"Gauteng","GP",865,0,3,157,705,15176116,0.02,21,52,0,23,0.3,713,161,3,0,52
2020-04-13,"Gauteng","GP",890,0,4,157,729,15176116,0.03,22,25,1,25.3,0.4,716,177,NA,0,25
2020-04-14,"Gauteng","GP",909,0,4,157,748,15176116,0.03,23,19,0,28,0.4,721,196,NA,0,19
2020-04-15,"Gauteng","GP",930,0,5,157,768,15176116,0.03,24,21,1,21.1,0.3,719,148,NA,0,21
2020-04-16,"Gauteng","GP",969,0,6,479,484,15176116,0.04,25,39,1,24.9,0.4,675,174,NA,0,39
2020-04-17,"Gauteng","GP",1018,0,6,479,533,15176116,0.04,26,49,0,31,0.4,660,217,NA,0,49
2020-04-18,"Gauteng","GP",1101,0,6,479,616,15176116,0.04,27,83,0,41.1,0.4,655,288,NA,0,83
2020-04-19,"Gauteng","GP",1148,0,6,479,663,15176116,0.04,28,47,0,40.4,0.4,649,283,4,0,47
2020-04-20,"Gauteng","GP",1170,0,7,545,618,15176116,0.05,29,22,1,40,0.4,633,280,NA,0,22
2020-04-21,"Gauteng","GP",1199,0,7,545,647,15176116,0.05,30,29,0,41.4,0.4,618,290,NA,0,29
2020-04-22,"Gauteng","GP",1224,0,7,545,672,15176116,0.05,31,25,0,42,0.3,605,294,NA,0,25
2020-04-23,"Gauteng","GP",1252,0,8,843,401,15176116,0.05,32,28,1,40.4,0.3,593,283,NA,0,28
2020-04-24,"Gauteng","GP",1281,0,8,843,430,15176116,0.05,33,29,0,37.6,0.3,578,263,NA,0,29
2020-04-25,"Gauteng","GP",1304,0,8,843,453,15176116,0.05,34,23,0,29,0.3,555,203,NA,0,23
2020-04-26,"Gauteng","GP",1331,0,8,843,480,15176116,0.05,35,27,0,26.1,0.3,529,183,5,0,27
2020-04-27,"Gauteng","GP",1353,0,8,843,502,15176116,0.05,36,22,0,26.1,0.1,512,183,NA,0,22
2020-04-28,"Gauteng","GP",1377,0,8,897,472,15176116,0.05,37,24,0,25.4,0.1,487,178,NA,0,24
2020-04-29,"Gauteng","GP",1408,0,11,897,500,15176116,0.07,38,31,3,26.3,0.6,463,184,NA,0,31
2020-04-30,"Gauteng","GP",1446,0,11,897,538,15176116,0.07,39,38,0,27.7,0.4,482,194,NA,0,38
2020-05-01,"Gauteng","GP",1507,0,11,948,548,15176116,0.07,40,61,0,32.3,0.4,499,226,NA,0,61
2020-05-02,"Gauteng","GP",1598,0,12,948,638,15176116,0.08,41,91,1,42,0.6,525,294,NA,0,91
2020-05-03,"Gauteng","GP",1624,0,14,948,662,15176116,0.09,42,26,2,41.9,0.9,551,293,6,0,26
2020-05-04,"Gauteng","GP",1661,0,14,979,668,15176116,0.09,43,37,0,44,0.9,575,308,NA,0,37
2020-05-05,"Gauteng","GP",1697,0,15,979,703,15176116,0.1,44,36,1,45.7,1,608,320,NA,0,36
2020-05-06,"Gauteng","GP",1720,0,15,1036,669,15176116,0.1,45,23,0,44.6,0.6,632,312,NA,0,23
2020-05-07,"Gauteng","GP",1804,0,15,1036,753,15176116,0.1,46,84,0,51.1,0.6,663,358,NA,0,84
2020-05-08,"Gauteng","GP",1851,0,18,1036,797,15176116,0.12,47,47,3,49.1,1,699,344,NA,0,47
2020-05-09,"Gauteng","GP",1910,0,19,1036,855,15176116,0.13,48,59,1,44.6,1,730,312,NA,0,59
2020-05-10,"Gauteng","GP",1952,0,22,1247,683,15176116,0.14,49,42,3,46.9,1.1,733,328,7,0,42
2020-05-11,"Gauteng","GP",1971,0,22,1247,702,15176116,0.14,50,19,0,44.3,1.1,737,310,NA,0,19
2020-05-12,"Gauteng","GP",2014,0,22,1247,745,15176116,0.14,51,43,0,45.3,1,743,317,NA,0,43
2020-05-13,"Gauteng","GP",2074,0,24,1343,707,15176116,0.16,52,60,2,50.6,1.3,749,354,NA,0,60
2020-05-14,"Gauteng","GP",2135,0,24,1547,564,15176116,0.16,53,61,0,47.3,1.3,722,331,NA,0,61
2020-05-15,"Gauteng","GP",2210,0,24,1552,634,15176116,0.16,54,75,0,51.3,0.9,699,359,NA,0,75
2020-05-16,"Gauteng","GP",2262,0,25,1583,654,15176116,0.16,55,52,1,50.3,0.9,670,352,NA,0,52
2020-05-17,"Gauteng","GP",2329,0,25,1583,721,15176116,0.16,56,67,0,53.9,0.4,675,377,8,0,67
2020-05-18,"Gauteng","GP",2343,0,26,1657,660,15176116,0.17,57,14,1,53.1,0.6,669,372,NA,0,14
2020-05-19,"Gauteng","GP",2361,0,27,1671,663,15176116,0.18,58,18,1,49.6,0.7,658,347,NA,0,18
2020-05-20,"Gauteng","GP",2400,0,27,1694,679,15176116,0.18,59,39,0,46.6,0.4,654,326,NA,0,39
2020-05-21,"Gauteng","GP",2453,0,27,1694,732,15176116,0.18,60,53,0,45.4,0.4,678,318,NA,0,53
2020-05-22,"Gauteng","GP",2521,0,29,1776,716,15176116,0.19,61,68,2,44.4,0.7,689,311,NA,0,68
2020-05-23,"Gauteng","GP",2633,0,29,1776,828,15176116,0.19,62,112,0,53,0.6,714,371,NA,0,112
2020-05-24,"Gauteng","GP",2773,0,29,1840,904,15176116,0.19,63,140,0,63.4,0.6,740,444,9,0,140
2020-05-25,"Gauteng","GP",2993,0,30,1899,1064,15176116,0.2,64,220,1,92.9,0.6,798,650,NA,0,220
2020-05-26,"Gauteng","GP",3043,0,31,1919,1093,15176116,0.2,65,50,1,97.4,0.6,859,682,NA,0,50
2020-05-27,"Gauteng","GP",3167,0,31,1955,1181,15176116,0.2,66,124,0,109.6,0.6,931,767,NA,0,124
2020-05-28,"Gauteng","GP",3329,0,31,1993,1305,15176116,0.2,67,162,0,125.1,0.6,1013,876,NA,0,162
2020-05-29,"Gauteng","GP",3583,0,31,2019,1533,15176116,0.2,68,254,0,151.7,0.3,1130,1062,NA,0,254
2020-05-30,"Gauteng","GP",3773,0,31,2035,1707,15176116,0.2,69,190,0,162.9,0.3,1255,1140,NA,0,190
2020-05-31,"Gauteng","GP",4003,0,33,2060,1910,15176116,0.22,70,230,2,175.7,0.6,1399,1230,10,0,230
2020-06-01,"Gauteng","GP",4231,0,33,2060,2138,15176116,0.22,71,228,0,176.9,0.4,1552,1238,NA,0,228
2020-06-02,"Gauteng","GP",4276,0,33,2060,2183,15176116,0.22,72,45,0,176.1,0.3,1708,1233,NA,0,45
2020-06-03,"Gauteng","GP",4567,0,33,2169,2365,15176116,0.22,73,291,0,200,0.3,1877,1400,NA,0,291
2020-06-04,"Gauteng","GP",4845,0,33,2222,2590,15176116,0.22,74,278,0,216.6,0.3,2061,1516,NA,0,278
2020-06-05,"Gauteng","GP",5215,0,40,2344,2831,15176116,0.26,75,370,7,233.1,1.3,2246,1632,NA,0,370
2020-06-06,"Gauteng","GP",5626,0,47,2344,3235,15176116,0.31,76,411,7,264.7,2.3,2465,1853,NA,0,411
2020-06-07,"Gauteng","GP",5946,0,47,2428,3471,15176116,0.31,77,320,0,277.6,2,2688,1943,11,0,320
2020-06-08,"Gauteng","GP",6258,0,47,2428,3783,15176116,0.31,78,312,0,289.6,2,2923,2027,NA,0,312
2020-06-09,"Gauteng","GP",6546,0,57,2575,3914,15176116,0.38,79,288,10,324.3,3.4,3170,2270,NA,0,288
2020-06-10,"Gauteng","GP",7195,0,57,2825,4313,15176116,0.38,80,649,0,375.4,3.4,3448,2628,NA,0,649
2020-06-11,"Gauteng","GP",7953,0,57,2825,5071,15176116,0.38,81,758,0,444,3.4,3803,3108,NA,0,758
2020-06-12,"Gauteng","GP",8781,0,57,2948,5776,15176116,0.38,82,828,0,509.4,2.4,4223,3566,NA,0,828
2020-06-13,"Gauteng","GP",9897,0,81,3075,6741,15176116,0.53,83,1116,24,610.1,4.9,4724,4271,NA,0,1116
2020-06-14,"Gauteng","GP",11164,0,81,3207,7876,15176116,0.53,84,1267,0,745.4,4.9,5353,5218,11,0,1267
2020-06-15,"Gauteng","GP",12193,0,87,3348,8758,15176116,0.57,85,1029,6,847.9,5.7,6064,5935,NA,0,1029
2020-06-16,"Gauteng","GP",13023,0,87,3442,9494,15176116,0.57,86,830,0,925.3,4.3,6861,6477,NA,0,830
2020-06-17,"Gauteng","GP",14620,0,87,3716,10817,15176116,0.57,87,1597,0,1060.7,4.3,7790,7425,NA,0,1597
2020-06-18,"Gauteng","GP",15898,0,87,3756,12055,15176116,0.57,88,1278,0,1135,4.3,8788,7945,NA,0,1278
2020-06-19,"Gauteng","GP",17261,0,114,4001,13146,15176116,0.75,89,1363,27,1211.4,8.1,9841,8480,NA,0,1363
2020-06-20,"Gauteng","GP",18978,0,114,4273,14591,15176116,0.75,90,1717,0,1297.3,4.7,10962,9081,NA,0,1717
2020-06-21,"Gauteng","GP",20822,0,122,4673,16027,15176116,0.8,91,1844,8,1379.7,5.9,12127,9658,12,0,1844
2020-06-22,"Gauteng","GP",22341,0,122,5620,16599,15176116,0.8,92,1519,0,1449.7,5,13247,10148,NA,0,1519
2020-06-23,"Gauteng","GP",24041,0,122,5620,18299,15176116,0.8,93,1700,0,1574,5,14505,11018,NA,0,1700
2020-06-24,"Gauteng","GP",26156,0,147,5856,20153,15176116,0.97,94,2115,25,1648,8.6,15839,11536,NA,0,2115
2020-06-25,"Gauteng","GP",28746,0,149,5856,22741,15176116,0.98,95,2590,2,1835.4,8.9,17365,12848,NA,0,2590
2020-06-26,"Gauteng","GP",31344,0,149,7132,24063,15176116,0.98,96,2598,0,2011.9,5,18925,14083,NA,0,2598
2020-06-27,"Gauteng","GP",34285,0,166,7712,26407,15176116,1.09,97,2941,17,2186.7,7.4,20613,15307,NA,0,2941
2020-06-28,"Gauteng","GP",36895,0,174,8580,28141,15176116,1.15,98,2610,8,2296.1,7.4,22343,16073,13,0,2610
2020-06-29,"Gauteng","GP",39841,0,180,9738,29923,15176116,1.19,99,2946,6,2500,8.3,24247,17500,NA,0,2946
2020-06-30,"Gauteng","GP",42881,0,216,10534,32131,15176116,1.42,100,3040,36,2691.4,13.4,26223,18840,NA,0,3040
2020-07-01,"Gauteng","GP",45944,0,244,10534,35166,15176116,1.61,101,3063,28,2826.9,13.9,28367,19788,NA,0,3063
2020-07-02,"Gauteng","GP",49937,0,282,12957,36698,15176116,1.86,102,3993,38,3027.3,19,30361,21191,NA,0,3993
2020-07-03,"Gauteng","GP",54331,0,282,14097,39952,15176116,1.86,103,4394,0,3283.9,19,32631,22987,NA,0,4394
2020-07-04,"Gauteng","GP",59373,0,282,15935,43156,15176116,1.86,104,5042,0,3584,16.6,35024,25088,NA,0,5042
2020-07-05,"Gauteng","GP",63404,0,353,16887,46164,15176116,2.33,105,4031,71,3787,25.6,37599,26509,14,0,4031
2020-07-06,"Gauteng","GP",66891,0,403,19779,46709,15176116,2.66,106,3487,50,3864.3,31.9,39997,27050,NA,0,3487
2020-07-07,"Gauteng","GP",71488,0,478,19779,51231,15176116,3.15,107,4597,75,4086.7,37.4,42725,28607,NA,0,4597
2020-07-08,"Gauteng","GP",75015,0,478,19779,54758,15176116,3.15,108,3527,0,4153,33.4,45524,29071,NA,0,3527
2020-07-09,"Gauteng","GP",81546,0,515,23804,57227,15176116,3.39,109,6531,37,4515.6,33.3,48457,31609,NA,0,6531
2020-07-10,"Gauteng","GP",87033,0,554,23804,62675,15176116,3.65,110,5487,39,4671.7,38.9,51703,32702,NA,0,5487
2020-07-11,"Gauteng","GP",93044,0,580,29038,63426,15176116,3.82,111,6011,26,4810.1,42.6,54599,33671,NA,0,6011
2020-07-12,"Gauteng","GP",98431,0,644,32958,64829,15176116,4.24,112,5387,64,5003.9,41.6,57265,35027,15,0,5387
2020-07-13,"Gauteng","GP",103713,0,644,33514,69555,15176116,4.24,113,5282,0,5260.3,34.4,60529,36822,NA,0,5282
2020-07-14,"Gauteng","GP",107070,0,726,36146,70198,15176116,4.78,114,3357,82,5083.1,35.4,63238,35582,NA,0,3357
2020-07-15,"Gauteng","GP",112714,0,767,45743,66204,15176116,5.05,115,5644,41,5385.6,41.3,64873,37699,NA,0,5644
2020-07-16,"Gauteng","GP",117895,0,853,45743,71299,15176116,5.62,116,5181,86,5192.7,48.3,66884,36349,NA,0,5181
2020-07-17,"Gauteng","GP",123408,0,917,51256,71235,15176116,6.04,117,5513,64,5196.4,51.9,68107,36375,NA,0,5513
2020-07-18,"Gauteng","GP",128604,0,956,51256,76392,15176116,6.3,118,5196,39,5080,53.7,69959,35560,NA,0,5196
2020-07-19,"Gauteng","GP",133617,0,986,58512,74119,15176116,6.5,119,5013,30,5026.6,48.9,71286,35186,16,0,5013
2020-07-20,"Gauteng","GP",136879,0,999,58512,77368,15176116,6.58,120,3262,13,4738,50.7,72402,33166,NA,0,3262
2020-07-21,"Gauteng","GP",139435,0,1042,66434,71959,15176116,6.87,121,2556,43,4623.6,45.1,72654,32365,NA,0,2556
2020-07-22,"Gauteng","GP",144582,0,1156,77397,66029,15176116,7.62,122,5147,114,4552.6,55.6,72629,31868,NA,0,5147
2020-07-23,"Gauteng","GP",148854,0,1187,77397,70270,15176116,7.82,123,4272,31,4422.7,47.7,72482,30959,NA,0,4272
2020-07-24,"Gauteng","GP",153020,0,1326,82126,69568,15176116,8.74,124,4166,139,4230.3,58.4,72244,29612,NA,0,4166
2020-07-25,"Gauteng","GP",156821,0,1535,92346,62940,15176116,10.11,125,3801,209,4031,82.7,70322,28217,NA,0,3801
2020-07-26,"Gauteng","GP",160154,0,1564,92346,66244,15176116,10.31,126,3333,29,3791,82.6,69197,26537,17,0,3333
2020-07-27,"Gauteng","GP",162319,0,1625,97485,63209,15176116,10.71,127,2165,61,3634.3,89.4,67174,25440,NA,0,2165
2020-07-28,"Gauteng","GP",164584,0,1680,102614,60290,15176116,11.07,128,2265,55,3592.7,91.1,65507,25149,NA,0,2265
2020-07-29,"Gauteng","GP",168369,0,1836,105614,60919,15176116,12.1,129,3785,156,3398.1,97.1,64777,23787,NA,0,3785
2020-07-30,"Gauteng","GP",171574,0,1932,111061,58581,15176116,12.73,130,3205,96,3245.7,106.4,63107,22720,NA,0,3205
2020-07-31,"Gauteng","GP",175272,0,2035,117099,56138,15176116,13.41,131,3698,103,3178.9,101.3,61189,22252,NA,0,3698
2020-08-01,"Gauteng","GP",178119,0,2075,126784,49260,15176116,13.67,132,2847,40,3042.6,77.1,59234,21298,NA,0,2847
2020-08-02,"Gauteng","GP",180532,0,2115,126784,51633,15176116,13.94,133,2413,40,2911.1,78.7,57147,20378,18,0,2413
2020-08-03,"Gauteng","GP",181946,0,2152,126784,53010,15176116,14.18,134,1414,37,2803.9,75.3,55690,19627,NA,0,1414
2020-08-04,"Gauteng","GP",183090,0,2268,126784,54038,15176116,14.94,135,1144,116,2643.7,84,54797,18506,NA,0,1144
2020-08-05,"Gauteng","GP",185282,0,2313,129375,53594,15176116,15.24,136,2192,45,2416.1,68.1,53751,16913,NA,0,2192
2020-08-06,"Gauteng","GP",187631,0,2388,132002,53241,15176116,15.74,137,2349,75,2293.9,65.1,52988,16057,NA,0,2349
2020-08-07,"Gauteng","GP",189159,0,2524,135485,51150,15176116,16.63,138,1528,136,1983.9,69.9,52275,13887,NA,0,1528
2020-08-08,"Gauteng","GP",190999,0,2547,139745,48707,15176116,16.78,139,1840,23,1840,67.4,52196,12880,NA,0,1840
2020-08-09,"Gauteng","GP",192767,0,2579,143068,47120,15176116,16.99,140,1768,32,1747.9,66.3,51551,12235,19,0,1768
2020-08-10,"Gauteng","GP",193561,0,2618,145776,45167,15176116,17.25,141,794,39,1659.3,66.6,50431,11615,NA,0,794
2020-08-11,"Gauteng","GP",194093,0,2653,150082,41358,15176116,17.48,142,532,35,1571.9,55,48620,11003,NA,0,532
2020-08-12,"Gauteng","GP",194685,0,2761,152061,39863,15176116,18.19,143,592,108,1343.3,64,46658,9403,NA,0,592
2020-08-13,"Gauteng","GP",195820,0,2791,154392,38637,15176116,18.39,144,1135,30,1169.9,57.6,44572,8189,NA,0,1135
2020-08-14,"Gauteng","GP",197531,0,2867,156402,38262,15176116,18.89,145,1711,76,1196,49,42731,8372,NA,0,1711
2020-08-15,"Gauteng","GP",198671,0,2888,158705,37078,15176116,19.03,146,1140,21,1096,48.7,41069,7672,NA,0,1140
2020-08-16,"Gauteng","GP",199635,0,2915,159712,37008,15176116,19.21,147,964,27,981.1,48,39625,6868,20,0,964
2020-08-17,"Gauteng","GP",200237,0,2929,161078,36230,15176116,19.3,148,602,14,953.7,44.4,38348,6676,NA,0,602
2020-08-18,"Gauteng","GP",200949,0,3018,166143,31788,15176116,19.89,149,712,89,979.4,52.1,36981,6856,NA,0,712
2020-08-19,"Gauteng","GP",202011,0,3061,167812,31138,15176116,20.17,150,1062,43,1046.6,42.9,35734,7326,NA,0,1062
2020-08-20,"Gauteng","GP",202955,0,3144,169299,30512,15176116,20.72,151,944,83,1019.3,50.4,34574,7135,NA,0,944
2020-08-21,"Gauteng","GP",203832,0,3190,170335,30307,15176116,21.02,152,877,46,900.1,46.1,33437,6301,NA,0,877
2020-08-22,"Gauteng","GP",205246,0,3227,171839,30180,15176116,21.26,153,1414,37,939.3,48.4,32452,6575,NA,0,1414
2020-08-23,"Gauteng","GP",206018,0,3268,172612,30138,15176116,21.53,154,772,41,911.9,50.4,31470,6383,21,0,772
2020-08-24,"Gauteng","GP",206525,0,3280,174248,28997,15176116,21.61,155,507,12,898.3,50.1,30437,6288,NA,0,507
2020-08-25,"Gauteng","GP",206892,0,3334,175407,28151,15176116,21.97,156,367,54,849,45.1,29918,5943,NA,0,367
2020-08-26,"Gauteng","GP",207610,0,3395,176513,27702,15176116,22.37,157,718,61,799.9,47.7,29427,5599,NA,0,718
2020-08-27,"Gauteng","GP",208156,0,3428,178479,26249,15176116,22.59,158,546,33,743,40.6,28818,5201,NA,0,546
2020-08-28,"Gauteng","GP",208579,0,3475,179631,25473,15176116,22.9,159,423,47,678.1,40.7,28127,4747,NA,0,423
2020-08-29,"Gauteng","GP",209123,0,3556,180345,25222,15176116,23.43,160,544,81,553.9,47,27419,3877,NA,0,544
2020-08-30,"Gauteng","GP",209648,0,3572,181299,24777,15176116,23.54,161,525,16,518.6,43.4,26653,3630,22,0,525
2020-08-31,"Gauteng","GP",210169,0,3592,182466,24111,15176116,23.67,162,521,20,520.6,44.6,25955,3644,NA,0,521
2020-09-01,"Gauteng","GP",210518,0,3631,183789,23098,15176116,23.93,163,349,39,518,42.4,25233,3626,NA,0,349
2020-09-02,"Gauteng","GP",211157,0,3680,184274,23203,15176116,24.25,164,639,49,506.7,40.7,24590,3547,NA,0,639
2020-09-03,"Gauteng","GP",211678,0,3730,184538,23410,15176116,24.58,165,521,50,503.1,43.1,24185,3522,NA,0,521
2020-09-04,"Gauteng","GP",212186,0,3773,185192,23221,15176116,24.86,166,508,43,515.3,42.6,23863,3607,NA,0,508
2020-09-05,"Gauteng","GP",212564,0,3789,186731,22044,15176116,24.97,167,378,16,491.6,33.3,23409,3441,NA,0,378
2020-09-06,"Gauteng","GP",212898,0,3813,187301,21784,15176116,25.13,168,334,24,464.3,34.4,22982,3250,23,0,334
2020-09-07,"Gauteng","GP",213087,0,3818,187987,21282,15176116,25.16,169,189,5,416.9,32.3,22577,2918,NA,0,189
2020-09-08,"Gauteng","GP",213333,0,3833,188367,21133,15176116,25.26,170,246,15,402.1,28.9,22297,2815,NA,0,246
2020-09-09,"Gauteng","GP",213741,0,3860,188987,20894,15176116,25.43,171,408,27,369.1,25.7,21967,2584,NA,0,408
2020-09-10,"Gauteng","GP",214152,0,3881,189208,21063,15176116,25.57,172,411,21,353.4,21.6,21632,2474,NA,0,411
2020-09-11,"Gauteng","GP",214486,0,3900,189825,20761,15176116,25.7,173,334,19,328.6,18.1,21280,2300,NA,0,334
2020-09-12,"Gauteng","GP",214831,0,3912,190279,20640,15176116,25.78,174,345,12,323.9,17.6,21080,2267,NA,0,345
2020-09-13,"Gauteng","GP",215140,0,3918,190761,20461,15176116,25.82,175,309,6,320.3,15,20891,2242,24,0,309
2020-09-14,"Gauteng","GP",215307,0,3921,191198,20188,15176116,25.84,176,167,3,317.1,14.7,20734,2220,NA,0,167
2020-09-15,"Gauteng","GP",215481,0,3933,191668,19880,15176116,25.92,177,174,12,306.9,14.3,20555,2148,NA,0,174
2020-09-16,"Gauteng","GP",215898,0,3947,191923,20028,15176116,26.01,178,417,14,308.1,12.4,20432,2157,NA,0,417
2020-09-17,"Gauteng","GP",216341,0,3960,192081,20300,15176116,26.09,179,443,13,312.7,11.3,20323,2189,NA,0,443
2020-09-18,"Gauteng","GP",216790,0,4022,192447,20321,15176116,26.5,180,449,62,329.1,17.4,20260,2304,NA,0,449
2020-09-19,"Gauteng","GP",217116,0,4027,192886,20203,15176116,26.54,181,326,5,326.4,16.4,20197,2285,NA,0,326
2020-09-20,"Gauteng","GP",217370,0,4030,193153,20187,15176116,26.55,182,254,3,318.6,16,20158,2230,25,0,254
2020-09-21,"Gauteng","GP",217485,0,4039,193429,20017,15176116,26.61,183,115,9,311.1,16.9,20134,2178,NA,0,115
2020-09-22,"Gauteng","GP",217759,0,4084,193701,19974,15176116,26.91,184,274,45,325.4,21.6,20147,2278,NA,0,274
2020-09-23,"Gauteng","GP",218115,0,4095,193889,20131,15176116,26.98,185,356,11,316.7,21.1,20162,2217,NA,0,356
2020-09-24,"Gauteng","GP",218420,0,4153,193991,20276,15176116,27.37,186,305,58,297,27.6,20158,2079,NA,0,305
2020-09-25,"Gauteng","GP",218650,0,4158,194417,20075,15176116,27.4,187,230,5,265.7,19.4,20123,1860,NA,0,230
2020-09-26,"Gauteng","GP",218861,0,4201,194935,19725,15176116,27.68,188,211,43,249.3,24.9,20055,1745,NA,0,211
2020-09-27,"Gauteng","GP",219039,0,4203,195417,19419,15176116,27.69,189,178,2,238.4,24.7,19945,1669,26,0,178
2020-09-28,"Gauteng","GP",219202,0,4205,195729,19268,15176116,27.71,190,163,2,245.3,23.7,19838,1717,NA,0,163
2020-09-29,"Gauteng","GP",219373,0,4233,195979,19161,15176116,27.89,191,171,28,230.6,21.3,19722,1614,NA,0,171
2020-09-30,"Gauteng","GP",219704,0,4244,196169,19291,15176116,27.96,192,331,11,227,21.3,19602,1589,NA,0,331
2020-10-01,"Gauteng","GP",220056,0,4252,196267,19537,15176116,28.02,193,352,8,233.7,14.1,19497,1636,NA,0,352
2020-10-02,"Gauteng","GP",220365,0,4260,196638,19467,15176116,28.07,194,309,8,245,14.6,19410,1715,NA,0,309
2020-10-03,"Gauteng","GP",220696,0,4262,196938,19496,15176116,28.08,195,331,2,262.1,8.7,19377,1835,NA,0,331
2020-10-04,"Gauteng","GP",220910,0,4299,197194,19417,15176116,28.33,196,214,37,267.3,13.7,19377,1871,27,0,214
2020-10-05,"Gauteng","GP",221061,0,4304,197553,19204,15176116,28.36,197,151,5,265.6,14.1,19368,1859,NA,0,151
2020-10-06,"Gauteng","GP",221320,0,4332,197712,19276,15176116,28.54,198,259,28,278.1,14.1,19384,1947,NA,0,259
2020-10-07,"Gauteng","GP",221719,0,4373,197892,19454,15176116,28.82,199,399,41,287.9,18.4,19407,2015,NA,0,399
2020-10-08,"Gauteng","GP",222038,0,4386,198022,19630,15176116,28.9,200,319,13,283.1,19.1,19421,1982,NA,0,319
2020-10-09,"Gauteng","GP",222374,0,4414,198291,19669,15176116,29.09,201,336,28,287,22,19449,2009,NA,0,336
2020-10-10,"Gauteng","GP",222745,0,4444,198582,19719,15176116,29.28,202,371,30,292.7,26,19481,2049,NA,0,371
2020-10-11,"Gauteng","GP",223011,0,4450,198876,19685,15176116,29.32,203,266,6,300.1,21.6,19520,2101,28,0,266
2020-10-12,"Gauteng","GP",223169,0,4461,199116,19592,15176116,29.39,204,158,11,301.1,22.4,19575,2108,NA,0,158
2020-10-13,"Gauteng","GP",223436,0,4492,199352,19592,15176116,29.6,205,267,31,302.3,22.9,19620,2116,NA,0,267
2020-10-14,"Gauteng","GP",223863,0,4527,199514,19822,15176116,29.83,206,427,35,306.3,22,19673,2144,NA,0,427
2020-10-15,"Gauteng","GP",224158,0,4597,199656,19905,15176116,30.29,207,295,70,302.9,30.1,19712,2120,NA,0,295
2020-10-16,"Gauteng","GP",224534,0,4601,200089,19844,15176116,30.32,208,376,4,308.6,26.7,19737,2160,NA,0,376
2020-10-17,"Gauteng","GP",224863,0,4618,200353,19892,15176116,30.43,209,329,17,302.6,24.9,19762,2118,NA,0,329
2020-10-18,"Gauteng","GP",225181,0,4618,204090,16473,15176116,30.43,210,318,0,310,24,19303,2170,29,0,318
2020-10-19,"Gauteng","GP",225559,0,4621,204424,16514,15176116,30.45,211,378,3,341.4,22.9,18863,2390,NA,0,378
2020-10-20,"Gauteng","GP",225734,0,4673,204722,16339,15176116,30.79,212,175,52,328.3,25.9,18398,2298,NA,0,175
2020-10-21,"Gauteng","GP",226073,0,4679,205065,16329,15176116,30.83,213,339,6,315.7,21.7,17899,2210,NA,0,339
2020-10-22,"Gauteng","GP",226363,0,4693,205216,16454,15176116,30.92,214,290,14,315,13.7,17406,2205,NA,0,290
2020-10-23,"Gauteng","GP",226695,0,4696,205643,16356,15176116,30.94,215,332,3,308.7,13.6,16908,2161,NA,0,332
2020-10-24,"Gauteng","GP",226963,0,4701,206004,16258,15176116,30.98,216,268,5,300,11.9,16389,2100,NA,0,268
2020-10-25,"Gauteng","GP",227193,0,4703,206362,16128,15176116,30.99,217,230,2,287.4,12.1,16340,2012,30,0,230
2020-10-26,"Gauteng","GP",227340,0,4707,206750,15883,15176116,31.02,218,147,4,254.4,12.3,16250,1781,NA,0,147
2020-10-27,"Gauteng","GP",227559,0,4711,207060,15788,15176116,31.04,219,219,4,260.7,5.4,16171,1825,NA,0,219
2020-10-28,"Gauteng","GP",227833,0,4713,207211,15909,15176116,31.06,220,274,2,251.4,4.9,16111,1760,NA,0,274
2020-10-29,"Gauteng","GP",228128,0,4717,207316,16095,15176116,31.08,221,295,4,252.1,3.4,16060,1765,NA,0,295
2020-10-30,"Gauteng","GP",228432,0,4719,207697,16016,15176116,31.09,222,304,2,248.1,3.3,16011,1737,NA,0,304
2020-10-31,"Gauteng","GP",228756,0,4721,208043,15992,15176116,31.11,223,324,2,256.1,2.9,15973,1793,NA,0,324
2020-11-01,"Gauteng","GP",228948,0,4828,208385,15735,15176116,31.81,224,192,107,250.7,17.9,15917,1755,31,0,192
2020-11-02,"Gauteng","GP",229040,0,4828,208801,15411,15176116,31.81,225,92,0,242.9,17.3,15849,1700,NA,0,92
2020-11-03,"Gauteng","GP",229220,0,4836,208988,15396,15176116,31.87,226,180,8,237.3,17.9,15793,1661,NA,0,180
2020-11-04,"Gauteng","GP",229490,0,4845,209243,15402,15176116,31.93,227,270,9,236.7,18.9,15721,1657,NA,0,270
2020-11-05,"Gauteng","GP",229702,0,4852,218990,5860,15176116,31.97,228,212,7,224.9,19.3,14259,1574,NA,0,212
2020-11-06,"Gauteng","GP",229954,0,4859,219268,5827,15176116,32.02,229,252,7,217.4,20,12803,1522,NA,0,252
2020-11-07,"Gauteng","GP",230165,0,4861,221243,4061,15176116,32.03,230,211,2,201.3,20,11099,1409,NA,0,211
2020-11-08,"Gauteng","GP",230299,0,4862,221662,3775,15176116,32.04,231,134,1,193,4.9,9390,1351,32,0,134
2020-11-09,"Gauteng","GP",230412,0,4863,221966,3583,15176116,32.04,232,113,1,196,5,7701,1372,NA,0,113
2020-11-10,"Gauteng","GP",230559,0,4870,223705,1984,15176116,32.09,233,147,7,191.3,4.9,5785,1339,NA,0,147
2020-11-11,"Gauteng","GP",230834,0,4872,223705,2257,15176116,32.1,234,275,2,192,3.9,3907,1344,NA,0,275
2020-11-12,"Gauteng","GP",231074,0,4873,224817,1384,15176116,32.11,235,240,1,196,3,3267,1372,NA,0,240
2020-11-13,"Gauteng","GP",231277,0,4877,224817,1583,15176116,32.14,236,203,4,189,2.6,2661,1323,NA,0,203
2020-11-14,"Gauteng","GP",231479,0,4877,224817,1785,15176116,32.14,237,202,0,187.7,2.3,2336,1314,NA,0,202
2020-11-15,"Gauteng","GP",231643,0,4882,224840,1921,15176116,32.17,238,164,5,192,2.9,2071,1344,33,0,164
2020-11-16,"Gauteng","GP",231733,0,4889,224840,2004,15176116,32.22,239,90,7,188.7,3.7,1845,1321,NA,0,90
2020-11-17,"Gauteng","GP",231860,0,4931,225067,1862,15176116,32.49,240,127,42,185.9,8.7,1828,1301,NA,0,127
2020-11-18,"Gauteng","GP",232147,0,4935,225067,2145,15176116,32.52,241,287,4,187.6,9,1812,1313,NA,0,287
2020-11-19,"Gauteng","GP",232388,0,4958,225235,2195,15176116,32.67,242,241,23,187.7,12.1,1928,1314,NA,0,241
2020-11-20,"Gauteng","GP",232653,0,4960,227195,498,15176116,32.68,243,265,2,196.6,11.9,1773,1376,NA,0,265
2020-11-21,"Gauteng","GP",232856,0,4960,227469,427,15176116,32.68,244,203,0,196.7,11.9,1579,1377,NA,0,203
2020-11-22,"Gauteng","GP",233036,0,4968,227707,361,15176116,32.74,245,180,8,199,12.3,1356,1393,34,0,180
2020-11-23,"Gauteng","GP",233164,0,4970,227911,283,15176116,32.75,246,128,2,204.4,11.6,1110,1431,NA,0,128
2020-11-24,"Gauteng","GP",233343,0,4989,228111,243,15176116,32.87,247,179,19,211.9,8.3,879,1483,NA,0,179
2020-11-25,"Gauteng","GP",233710,0,4996,228111,603,15176116,32.92,248,367,7,223.3,8.7,659,1563,NA,0,367
2020-11-26,"Gauteng","GP",233995,0,5001,228111,883,15176116,32.95,249,285,5,229.6,6.1,471,1607,NA,0,285
2020-11-27,"Gauteng","GP",234305,0,5004,228365,936,15176116,32.97,250,310,3,236,6.3,534,1652,NA,0,310
2020-11-28,"Gauteng","GP",234572,0,5005,228365,1202,15176116,32.98,251,267,1,245.1,6.4,644,1716,NA,0,267
2020-11-29,"Gauteng","GP",234831,0,5006,228789,1036,15176116,32.99,252,259,1,256.4,5.4,741,1795,35,0,259
2020-11-30,"Gauteng","GP",234957,0,5009,229041,907,15176116,33.01,253,126,3,256.1,5.6,830,1793,NA,0,126
2020-12-01,"Gauteng","GP",235193,0,5014,229041,1138,15176116,33.04,254,236,5,264.3,3.6,958,1850,NA,0,236
2020-12-02,"Gauteng","GP",235664,0,5018,229041,1605,15176116,33.07,255,471,4,279.1,3.1,1101,1954,NA,0,471
2020-12-03,"Gauteng","GP",236086,0,5026,229041,2019,15176116,33.12,256,422,8,298.7,3.6,1263,2091,NA,0,422
2020-12-04,"Gauteng","GP",236653,0,5032,229041,2580,15176116,33.16,257,567,6,335.4,4,1498,2348,NA,0,567
2020-12-05,"Gauteng","GP",237207,0,5039,229041,3127,15176116,33.2,258,554,7,376.4,4.9,1773,2635,NA,0,554
2020-12-06,"Gauteng","GP",237719,0,5040,229041,3638,15176116,33.21,259,512,1,412.6,4.9,2145,2888,36,0,512
2020-12-07,"Gauteng","GP",238256,0,5042,229041,4173,15176116,33.22,260,537,2,471.3,4.7,2611,3299,NA,0,537
2020-12-08,"Gauteng","GP",239099,0,5053,229547,4499,15176116,33.3,261,843,11,558,5.6,3092,3906,NA,0,843
2020-12-09,"Gauteng","GP",240261,0,5069,229789,5403,15176116,33.4,262,1162,16,656.7,7.3,3634,4597,NA,0,1162
2020-12-10,"Gauteng","GP",241495,0,5077,229789,6629,15176116,33.45,263,1234,8,772.7,7.3,4293,5409,NA,0,1234
2020-12-11,"Gauteng","GP",242902,0,5097,230121,7684,15176116,33.59,264,1407,20,892.7,9.3,5022,6249,NA,0,1407
2020-12-12,"Gauteng","GP",244242,0,5108,230578,8556,15176116,33.66,265,1340,11,1005,9.9,5797,7035,NA,0,1340
2020-12-13,"Gauteng","GP",245360,0,5111,231009,9240,15176116,33.68,266,1118,3,1091.6,10.1,6598,7641,37,0,1118
2020-12-14,"Gauteng","GP",246116,0,5115,231573,9428,15176116,33.7,267,756,4,1122.9,10.4,7348,7860,NA,0,756
2020-12-15,"Gauteng","GP",247394,0,5125,231573,10696,15176116,33.77,268,1278,10,1185,10.3,8234,8295,NA,0,1278
2020-12-16,"Gauteng","GP",249181,0,5135,232677,11369,15176116,33.84,269,1787,10,1274.3,9.4,9086,8920,NA,0,1787
2020-12-17,"Gauteng","GP",250910,0,5146,233273,12491,15176116,33.91,270,1729,11,1345,9.9,9923,9415,NA,0,1729
2020-12-18,"Gauteng","GP",252390,0,5161,233945,13284,15176116,34.01,271,1480,15,1355.4,9.1,10723,9488,NA,0,1480
2020-12-19,"Gauteng","GP",254649,0,5179,235084,14386,15176116,34.13,272,2259,18,1486.7,10.1,11556,10407,NA,0,2259
2020-12-20,"Gauteng","GP",256595,0,5180,236320,15095,15176116,34.13,273,1946,1,1605,9.9,12393,11235,38,0,1946
2020-12-21,"Gauteng","GP",258202,0,5196,237741,15265,15176116,34.24,274,1607,16,1726.6,11.6,13227,12086,NA,0,1607
2020-12-22,"Gauteng","GP",259962,0,5226,239069,15667,15176116,34.44,275,1760,30,1795.4,14.4,13937,12568,NA,0,1760
2020-12-23,"Gauteng","GP",263166,0,5260,240441,17465,15176116,34.66,276,3204,34,1997.9,17.9,14808,13985,NA,0,3204
2020-12-24,"Gauteng","GP",266296,0,5282,241302,19712,15176116,34.8,277,3130,22,2198,19.4,15839,15386,NA,0,3130
2020-12-25,"Gauteng","GP",269889,0,5305,242433,22151,15176116,34.96,278,3593,23,2499.9,20.6,17106,17499,NA,0,3593
2020-12-26,"Gauteng","GP",272504,0,5317,244198,22989,15176116,35.04,279,2615,12,2550.7,19.7,18335,17855,NA,0,2615
2020-12-27,"Gauteng","GP",274272,0,5334,245919,23019,15176116,35.15,280,1768,17,2525.3,22,19467,17677,39,0,1768
2020-12-28,"Gauteng","GP",276133,0,5356,247332,23445,15176116,35.29,281,1861,22,2561.6,22.9,20635,17931,NA,0,1861
2020-12-29,"Gauteng","GP",278516,0,5424,249558,23534,15176116,35.74,282,2383,68,2650.6,28.3,21759,18554,NA,0,2383
2020-12-30,"Gauteng","GP",282642,0,5465,251492,25685,15176116,36.01,283,4126,41,2782.3,29.3,22934,19476,NA,0,4126
2020-12-31,"Gauteng","GP",287018,0,5549,253070,28399,15176116,36.56,284,4376,84,2960.3,38.1,24175,20722,NA,0,4376
2021-01-01,"Gauteng","GP",291392,0,5615,254657,31120,15176116,37,285,4374,66,3071.9,44.3,25456,21503,NA,0,4374
2021-01-02,"Gauteng","GP",295450,0,5654,257561,32235,15176116,37.26,286,4058,39,3278,48.1,26777,22946,NA,0,4058
2021-01-03,"Gauteng","GP",298068,0,5727,260571,31770,15176116,37.74,287,2618,73,3399.4,56.1,28027,23796,40,0,2618
2021-01-04,"Gauteng","GP",301212,0,5763,264261,31188,15176116,37.97,288,3144,36,3582.7,58.1,29133,25079,NA,0,3144
2021-01-05,"Gauteng","GP",304420,0,5827,266912,31681,15176116,38.4,289,3208,64,3700.6,57.6,30297,25904,NA,0,3208
2021-01-06,"Gauteng","GP",310201,0,5923,268551,35727,15176116,39.03,290,5781,96,3937,65.4,31731,27559,NA,0,5781
2021-01-07,"Gauteng","GP",315738,0,5998,270340,39400,15176116,39.52,291,5537,75,4102.9,64.1,33303,28720,NA,0,5537
2021-01-08,"Gauteng","GP",322707,0,6073,272991,43643,15176116,40.02,292,6969,75,4473.6,65.4,35092,31315,NA,0,6969
2021-01-09,"Gauteng","GP",328925,0,6142,276998,45785,15176116,40.47,293,6218,69,4782.1,69.7,37028,33475,NA,0,6218
2021-01-10,"Gauteng","GP",333842,0,6170,281400,46272,15176116,40.66,294,4917,28,5110.6,63.3,39099,35774,41,0,4917
2021-01-11,"Gauteng","GP",338071,0,6170,281400,50501,15176116,40.66,295,4229,0,5265.6,58.1,41858,36859,NA,0,4229
2021-01-12,"Gauteng","GP",341460,0,6395,289517,45548,15176116,42.14,296,3389,225,5291.4,81.1,43839,37040,NA,0,3389
2021-01-13,"Gauteng","GP",346482,0,6606,291957,47919,15176116,43.53,297,5022,211,5183,97.6,45581,36281,NA,0,5022
2021-01-14,"Gauteng","GP",350976,0,6720,295094,49162,15176116,44.28,298,4494,114,5034,103.1,46976,35238,NA,0,4494
2021-01-15,"Gauteng","GP",354892,0,6819,298240,49833,15176116,44.93,299,3916,99,4597.9,106.6,47860,32185,NA,0,3916
2021-01-16,"Gauteng","GP",358462,0,6887,303977,47598,15176116,45.38,300,3570,68,4219.6,106.4,48119,29537,NA,0,3570
2021-01-17,"Gauteng","GP",361881,0,6946,309572,45363,15176116,45.77,301,3419,59,4005.6,110.9,47989,28039,42,0,3419
2021-01-18,"Gauteng","GP",364269,0,7009,315982,41278,15176116,46.18,302,2388,63,3742.6,119.9,46672,26198,NA,0,2388
2021-01-19,"Gauteng","GP",366432,0,7057,322434,36941,15176116,46.5,303,2163,48,3567.4,94.6,45442,24972,NA,0,2163
2021-01-20,"Gauteng","GP",370264,0,7137,327569,35558,15176116,47.03,304,3832,80,3397.4,75.9,43676,23782,NA,0,3832
2021-01-21,"Gauteng","GP",373096,0,7230,331583,34283,15176116,47.64,305,2832,93,3160,72.9,41551,22120,NA,0,2832
2021-01-22,"Gauteng","GP",375761,0,7396,336054,32311,15176116,48.73,306,2665,166,2981.3,82.4,39047,20869,NA,0,2665
2021-01-23,"Gauteng","GP",378656,0,7597,342700,28359,15176116,50.06,307,2895,201,2884.9,101.4,36299,20194,NA,0,2895
2021-01-24,"Gauteng","GP",380381,0,7642,350798,21941,15176116,50.36,308,1725,45,2642.9,99.4,32953,18500,43,0,1725
2021-01-25,"Gauteng","GP",381574,0,7675,354539,19360,15176116,50.57,309,1193,33,2472.1,95.1,29822,17305,NA,0,1193
2021-01-26,"Gauteng","GP",382907,0,7816,357997,17094,15176116,51.5,310,1333,141,2353.6,108.4,26987,16475,NA,0,1333
2021-01-27,"Gauteng","GP",384440,0,7891,359417,17132,15176116,52,311,1533,75,2025.1,107.7,24354,14176,NA,0,1533
2021-01-28,"Gauteng","GP",385706,0,7961,360410,17335,15176116,52.46,312,1266,70,1801.4,104.4,21933,12610,NA,0,1266
2021-01-29,"Gauteng","GP",386770,0,8087,364181,14502,15176116,53.29,313,1064,126,1572.7,98.7,19389,11009,NA,0,1064
2021-01-30,"Gauteng","GP",387673,0,8140,366964,12569,15176116,53.64,314,903,53,1288.1,77.6,17133,9017,NA,0,903
2021-01-31,"Gauteng","GP",388620,0,8198,366964,13458,15176116,54.02,315,947,58,1177,79.4,15921,8239,44,0,947
2021-02-01,"Gauteng","GP",389230,0,8249,371208,9773,15488137,53.26,316,610,51,1093.7,82,14552,7656,NA,0,610
2021-02-02,"Gauteng","GP",389841,0,8340,372887,8614,15488137,53.85,317,611,91,990.6,74.9,13340,6934,NA,0,611
2021-02-03,"Gauteng","GP",390890,0,8437,373726,8727,15488137,54.47,318,1049,97,921.4,78,12140,6450,NA,0,1049
2021-02-04,"Gauteng","GP",391798,0,8490,374193,9115,15488137,54.82,319,908,53,870.3,75.6,10965,6092,NA,0,908
2021-02-05,"Gauteng","GP",392794,0,8542,375884,8368,15488137,55.15,320,996,52,860.6,65,10089,6024,NA,0,996
2021-02-06,"Gauteng","GP",393555,0,8592,377309,7654,15488137,55.47,321,761,50,840.3,64.6,9387,5882,NA,0,761
2021-02-07,"Gauteng","GP",394240,0,8615,378398,7227,15488137,55.62,322,685,23,802.9,59.6,8497,5620,45,0,685
2021-02-08,"Gauteng","GP",394629,0,8660,379343,6626,15488137,55.91,323,389,45,771.3,58.7,8047,5399,NA,0,389
2021-02-09,"Gauteng","GP",395125,0,8741,380150,6234,15488137,56.44,324,496,81,754.9,57.3,7707,5284,NA,0,496
2021-02-10,"Gauteng","GP",395838,0,8867,380335,6636,15488137,57.25,325,713,126,706.9,61.4,7409,4948,NA,0,713
2021-02-11,"Gauteng","GP",396560,0,8949,380621,6990,15488137,57.78,326,722,82,680.3,65.6,7105,4762,NA,0,722
2021-02-12,"Gauteng","GP",397259,0,9115,381747,6397,15488137,58.85,327,699,166,637.9,81.9,6823,4465,NA,0,699
2021-02-13,"Gauteng","GP",398005,0,9144,381849,7012,15488137,59.04,328,746,29,635.7,78.9,6732,4450,NA,0,746
2021-02-14,"Gauteng","GP",398506,0,9181,382662,6663,15488137,59.28,329,501,37,609.4,80.9,6651,4266,46,0,501
2021-02-15,"Gauteng","GP",398796,0,9239,384311,5246,15488137,59.65,330,290,58,595.3,82.7,6454,4167,NA,0,290
2021-02-16,"Gauteng","GP",399168,0,9295,384945,4928,15488137,60.01,331,372,56,577.6,79.1,6267,4043,NA,0,372
2021-02-17,"Gauteng","GP",399922,0,9371,385363,5188,15488137,60.5,332,754,76,583.4,72,6061,4084,NA,0,754
2021-02-18,"Gauteng","GP",400636,0,9392,385771,5473,15488137,60.64,333,714,21,582.3,63.3,5844,4076,NA,0,714
2021-02-19,"Gauteng","GP",401219,0,9435,386740,5044,15488137,60.92,334,583,43,565.7,45.7,5651,3960,NA,0,583
2021-02-20,"Gauteng","GP",401632,0,9464,387377,4791,15488137,61.1,335,413,29,518.1,45.7,5333,3627,NA,0,413
2021-02-21,"Gauteng","GP",401995,0,9481,388088,4426,15488137,61.21,336,363,17,498.4,42.9,5014,3489,47,0,363
2021-02-22,"Gauteng","GP",402249,0,9496,388737,4016,15488137,61.31,337,254,15,493.3,36.7,4838,3453,NA,0,254
2021-02-23,"Gauteng","GP",402538,0,9535,389270,3733,15488137,61.56,338,289,39,481.4,34.3,4667,3370,NA,0,289
2021-02-24,"Gauteng","GP",403074,0,9547,389529,3998,15488137,61.64,339,536,12,450.3,25.1,4497,3152,NA,0,536
2021-02-25,"Gauteng","GP",403528,0,9561,389755,4212,15488137,61.73,340,454,14,413.1,24.1,4317,2892,NA,0,454
2021-02-26,"Gauteng","GP",403985,0,9620,390428,3937,15488137,62.11,341,457,59,395.1,26.4,4159,2766,NA,0,457
2021-02-27,"Gauteng","GP",404335,0,9653,390987,3695,15488137,62.33,342,350,33,386.1,27,4002,2703,NA,0,350
2021-02-28,"Gauteng","GP",404639,0,9678,391479,3482,15488137,62.49,343,304,25,377.7,28.1,3868,2644,48,0,304
2021-03-01,"Gauteng","GP",404785,0,9697,391944,3144,15488137,62.61,344,146,19,362.3,28.7,3743,2536,NA,0,146
2021-03-02,"Gauteng","GP",405035,0,9740,392367,2928,15488137,62.89,345,250,43,356.7,29.3,3628,2497,NA,0,250
2021-03-03,"Gauteng","GP",405463,0,9770,392976,2717,15488137,63.08,346,428,30,341.3,31.9,3445,2389,NA,0,428
2021-03-04,"Gauteng","GP",405860,0,9797,393097,2966,15488137,63.25,347,397,27,333.1,33.7,3267,2332,NA,0,397
2021-03-05,"Gauteng","GP",406198,0,9813,393159,3226,15488137,63.36,348,338,16,316.1,27.6,3165,2213,NA,0,338
2021-03-06,"Gauteng","GP",406516,0,9842,393268,3406,15488137,63.55,349,318,29,311.6,27,3124,2181,NA,0,318
2021-03-07,"Gauteng","GP",406729,0,9854,393726,3149,15488137,63.62,350,213,12,298.6,25.1,3077,2090,49,0,213
2021-03-08,"Gauteng","GP",406950,0,9862,394172,2916,15488137,63.67,351,221,8,309.3,23.6,3044,2165,NA,0,221
2021-03-09,"Gauteng","GP",407289,0,9890,394514,2885,15488137,63.86,352,339,28,322,21.4,3038,2254,NA,0,339
2021-03-10,"Gauteng","GP",407847,0,9942,394935,2970,15488137,64.19,353,558,52,340.6,24.6,3074,2384,NA,0,558
2021-03-11,"Gauteng","GP",408255,0,9967,395189,3099,15488137,64.35,354,408,25,342.1,24.3,3093,2395,NA,0,408
2021-03-12,"Gauteng","GP",408564,0,9992,395673,2899,15488137,64.51,355,309,25,338,25.6,3046,2366,NA,0,309
2021-03-13,"Gauteng","GP",408921,0,9999,396094,2828,15488137,64.56,356,357,7,343.6,22.4,2964,2405,NA,0,357
2021-03-14,"Gauteng","GP",409173,0,10011,396416,2746,15488137,64.64,357,252,12,349.1,22.4,2906,2444,50,0,252
2021-03-15,"Gauteng","GP",409404,0,10019,396758,2627,15488137,64.69,358,231,8,350.6,22.4,2865,2454,NA,0,231
2021-03-16,"Gauteng","GP",409647,0,10048,397119,2480,15488137,64.88,359,243,29,336.9,22.6,2807,2358,NA,0,243
2021-03-17,"Gauteng","GP",410060,0,10086,397289,2685,15488137,65.12,360,413,38,316.1,20.6,2766,2213,NA,0,413
2021-03-18,"Gauteng","GP",410392,0,10098,397432,2862,15488137,65.2,361,332,12,305.3,18.7,2732,2137,NA,0,332
2021-03-19,"Gauteng","GP",410787,0,10119,397908,2760,15488137,65.33,362,395,21,317.6,18.1,2713,2223,NA,0,395
2021-03-20,"Gauteng","GP",411133,0,10128,398311,2694,15488137,65.39,363,346,9,316,18.4,2693,2212,NA,0,346
2021-03-21,"Gauteng","GP",411428,0,10133,398656,2639,15488137,65.42,364,295,5,322.1,17.4,2678,2255,51,0,295
2021-03-22,"Gauteng","GP",411601,0,10138,399010,2453,15488137,65.46,365,173,5,313.9,17,2653,2197,NA,0,173
2021-03-23,"Gauteng","GP",411777,0,10142,399289,2346,15488137,65.48,366,176,4,304.3,13.4,2634,2130,NA,0,176
2021-03-24,"Gauteng","GP",412106,0,10166,399450,2490,15488137,65.64,367,329,24,292.3,11.4,2606,2046,NA,0,329
2021-03-25,"Gauteng","GP",412539,0,10190,399564,2785,15488137,65.79,368,433,24,306.7,13.1,2595,2147,NA,0,433
2021-03-26,"Gauteng","GP",412929,0,10213,400026,2690,15488137,65.94,369,390,23,306,13.4,2585,2142,NA,0,390
2021-03-27,"Gauteng","GP",413265,0,10229,400389,2647,15488137,66.04,370,336,16,304.6,14.4,2579,2132,NA,0,336
2021-03-28,"Gauteng","GP",413491,0,10235,400745,2511,15488137,66.08,371,226,6,294.7,14.6,2560,2063,52,0,226
2021-03-29,"Gauteng","GP",413641,0,10250,401049,2342,15488137,66.18,372,150,15,291.4,16,2544,2040,NA,0,150
2021-03-30,"Gauteng","GP",413871,0,10295,401306,2270,15488137,66.47,373,230,45,299.1,21.9,2534,2094,NA,0,230
2021-03-31,"Gauteng","GP",414261,0,10318,401457,2486,15488137,66.62,374,390,23,307.9,21.7,2533,2155,NA,0,390
2021-04-01,"Gauteng","GP",414623,0,10331,401584,2708,15488137,66.7,375,362,13,297.7,20.1,2522,2084,NA,0,362
2021-04-02,"Gauteng","GP",415038,0,10347,401753,2938,15488137,66.81,376,415,16,301.3,19.1,2557,2109,NA,0,415
2021-04-03,"Gauteng","GP",415266,0,10348,402235,2683,15488137,66.81,377,228,1,285.9,17,2563,2001,NA,0,228
2021-04-04,"Gauteng","GP",415420,0,10350,402595,2475,15488137,66.83,378,154,2,275.6,16.4,2557,1929,53,0,154
2021-04-05,"Gauteng","GP",415540,0,10354,402906,2280,15488137,66.85,379,120,4,271.3,14.9,2549,1899,NA,0,120
2021-04-06,"Gauteng","GP",415682,0,10363,403200,2119,15488137,66.91,380,142,9,258.7,9.7,2527,1811,NA,0,142
2021-04-07,"Gauteng","GP",415902,0,10388,403338,2176,15488137,67.07,381,220,25,234.4,10,2483,1641,NA,0,220
2021-04-08,"Gauteng","GP",416353,0,10396,403473,2484,15488137,67.12,382,451,8,247.1,9.3,2451,1730,NA,0,451
2021-04-09,"Gauteng","GP",416704,0,10407,403905,2392,15488137,67.19,383,351,11,238,8.6,2373,1666,NA,0,351
2021-04-10,"Gauteng","GP",417070,0,10418,404247,2405,15488137,67.26,384,366,11,257.7,10,2333,1804,NA,0,366
2021-04-11,"Gauteng","GP",417351,0,10424,404574,2353,15488137,67.3,385,281,6,275.9,10.6,2316,1931,54,0,281
2021-04-12,"Gauteng","GP",417526,0,10425,404870,2231,15488137,67.31,386,175,1,283.7,10.1,2309,1986,NA,0,175
2021-04-13,"Gauteng","GP",417799,0,10453,404968,2378,15488137,67.49,387,273,28,302.4,12.9,2346,2117,NA,0,273
2021-04-14,"Gauteng","GP",418185,0,10479,405110,2596,15488137,67.66,388,386,26,326.1,13,2406,2283,NA,0,386
2021-04-15,"Gauteng","GP",418540,0,10495,405188,2857,15488137,67.76,389,355,16,312.4,14.1,2459,2187,NA,0,355
2021-04-16,"Gauteng","GP",418962,0,10507,405332,3123,15488137,67.84,390,422,12,322.6,14.3,2563,2258,NA,0,422
2021-04-17,"Gauteng","GP",419305,0,10520,405780,3005,15488137,67.92,391,343,13,319.3,14.6,2649,2235,NA,0,343
2021-04-18,"Gauteng","GP",419591,0,10524,406185,2882,15488137,67.95,392,286,4,320,14.3,2725,2240,55,0,286
2021-04-19,"Gauteng","GP",419823,0,10525,406523,2775,15488137,67.96,393,232,1,328.1,14.3,2802,2297,NA,0,232
2021-04-20,"Gauteng","GP",420068,0,10536,406828,2704,15488137,68.03,394,245,11,324.1,11.9,2849,2269,NA,0,245
2021-04-21,"Gauteng","GP",420482,0,10544,406992,2946,15488137,68.08,395,414,8,328.1,9.3,2899,2297,NA,0,414
2021-04-22,"Gauteng","GP",420908,0,10564,407113,3231,15488137,68.21,396,426,20,338.3,9.9,2952,2368,NA,0,426
2021-04-23,"Gauteng","GP",421261,0,10567,407603,3091,15488137,68.23,397,353,3,328.4,8.6,2948,2299,NA,0,353
2021-04-24,"Gauteng","GP",421598,0,10597,407976,3025,15488137,68.42,398,337,30,327.6,11,2951,2293,NA,0,337
2021-04-25,"Gauteng","GP",421880,0,10604,408357,2919,15488137,68.47,399,282,7,327,11.4,2956,2289,56,0,282
2021-04-26,"Gauteng","GP",422147,0,10607,408723,2817,15488137,68.48,400,267,3,332,11.7,2962,2324,NA,0,267
2021-04-27,"Gauteng","GP",422366,0,10627,409068,2671,15488137,68.61,401,219,20,328.3,13,2957,2298,NA,2.1,219
2021-04-28,"Gauteng","GP",422720,0,10631,409231,2858,15488137,68.64,402,354,4,319.7,12.4,2945,2238,NA,2.1,354
2021-04-29,"Gauteng","GP",422999,0,10645,409362,2992,15488137,68.73,403,279,14,298.7,11.6,2910,2091,NA,1.9,279
2021-04-30,"Gauteng","GP",423545,0,10652,409837,3056,15488137,68.78,404,546,7,326.3,12.1,2905,2284,NA,2.1,546
2021-05-01,"Gauteng","GP",424010,0,10663,410214,3133,15488137,68.85,405,465,11,344.6,9.4,2921,2412,NA,2.2,465
2021-05-02,"Gauteng","GP",424326,0,10664,410573,3089,15488137,68.85,406,316,1,349.4,8.6,2945,2446,57,2.3,316
2021-05-03,"Gauteng","GP",424639,0,10671,410936,3032,15488137,68.9,407,313,7,356,9.1,2976,2492,NA,2.3,313
2021-05-04,"Gauteng","GP",425080,0,10692,411253,3135,15488137,69.03,408,441,21,387.7,9.3,3042,2714,NA,2.5,441
2021-05-05,"Gauteng","GP",425692,0,10711,411415,3566,15488137,69.16,409,612,19,424.6,11.4,3143,2972,NA,2.7,612
2021-05-06,"Gauteng","GP",426380,0,10728,411549,4103,15488137,69.27,410,688,17,483,11.9,3302,3381,NA,3.1,688
2021-05-07,"Gauteng","GP",427133,0,10741,412031,4361,15488137,69.35,411,753,13,512.6,12.7,3488,3588,NA,3.3,753
2021-05-08,"Gauteng","GP",427782,0,10762,412183,4837,15488137,69.49,412,649,21,538.9,14.1,3732,3772,NA,3.5,649
2021-05-09,"Gauteng","GP",428319,0,10770,412712,4837,15488137,69.54,413,537,8,570.4,15.1,3982,3993,58,3.7,537
2021-05-10,"Gauteng","GP",428717,0,10775,413227,4715,15488137,69.57,414,398,5,582.6,14.9,4222,4078,NA,3.8,398
2021-05-11,"Gauteng","GP",429293,0,10791,413621,4881,15488137,69.67,415,576,16,601.9,14.1,4471,4213,NA,3.9,576
2021-05-12,"Gauteng","GP",430310,0,10818,413841,5651,15488137,69.85,416,1017,27,659.7,15.3,4769,4618,NA,4.3,1017
2021-05-13,"Gauteng","GP",431598,0,10831,414055,6712,15488137,69.93,417,1288,13,745.4,14.7,5142,5218,NA,4.8,1288
2021-05-14,"Gauteng","GP",432810,0,10845,414779,7186,15488137,70.02,418,1212,14,811,14.9,5546,5677,NA,5.2,1212
2021-05-15,"Gauteng","GP",433819,0,10865,415375,7579,15488137,70.15,419,1009,20,862.4,14.7,5937,6037,NA,5.6,1009
2021-05-16,"Gauteng","GP",434597,0,10875,416051,7671,15488137,70.22,420,778,10,896.9,15,6342,6278,59,5.8,778
2021-05-17,"Gauteng","GP",435321,0,10881,416761,7679,15488137,70.25,421,724,6,943.4,15.1,6766,6604,NA,6.1,724
2021-05-18,"Gauteng","GP",436487,0,10913,417419,8155,15488137,70.46,422,1166,32,1027.7,17.4,7233,7194,NA,6.6,1166
2021-05-19,"Gauteng","GP",437872,0,10948,417739,9185,15488137,70.69,423,1385,35,1080.3,18.6,7738,7562,NA,7,1385
2021-05-20,"Gauteng","GP",439391,0,10965,418044,10382,15488137,70.8,424,1519,17,1113.3,19.1,8262,7793,NA,7.2,1519
2021-05-21,"Gauteng","GP",440849,0,10985,419147,10717,15488137,70.93,425,1458,20,1148.4,20,8767,8039,NA,7.4,1458
2021-05-22,"Gauteng","GP",442739,0,11012,420469,11258,15488137,71.1,426,1890,27,1274.3,21,9292,8920,NA,8.2,1890
2021-05-23,"Gauteng","GP",443846,0,11032,421670,11144,15488137,71.23,427,1107,20,1321.3,22.4,9789,9249,60,8.5,1107
2021-05-24,"Gauteng","GP",444851,0,11039,422704,11108,15488137,71.27,428,1005,7,1361.4,22.6,10278,9530,NA,8.8,1005
2021-05-25,"Gauteng","GP",446296,0,11075,423761,11460,15488137,71.51,429,1445,36,1401.3,23.1,10751,9809,NA,9,1445
2021-05-26,"Gauteng","GP",448366,0,11099,424433,12834,15488137,71.66,430,2070,24,1499.1,21.6,11272,10494,NA,9.7,2070
2021-05-27,"Gauteng","GP",450377,0,11141,424933,14303,15488137,71.93,431,2011,42,1569.4,25.1,11832,10986,NA,10.1,2011
2021-05-28,"Gauteng","GP",452590,0,11164,426525,14901,15488137,72.08,432,2213,23,1677.3,25.6,12430,11741,NA,10.8,2213
2021-05-29,"Gauteng","GP",454815,0,11190,428079,15546,15488137,72.25,433,2225,26,1725.1,25.4,13042,12076,NA,11.1,2225
2021-05-30,"Gauteng","GP",456764,0,11207,429685,15872,15488137,72.36,434,1949,17,1845.4,25,13718,12918,61,11.9,1949
2021-05-31,"Gauteng","GP",458072,0,11224,431451,15397,15488137,72.47,435,1308,17,1888.7,26.4,14330,13221,NA,12.2,1308
2021-06-01,"Gauteng","GP",459911,0,11268,432939,15704,15488137,72.75,436,1839,44,1945,27.6,14937,13615,NA,12.6,1839
2021-06-02,"Gauteng","GP",462903,0,11322,433776,17805,15488137,73.1,437,2992,54,2076.7,31.9,15647,14537,NA,13.4,2992
2021-06-03,"Gauteng","GP",465668,0,11339,434452,19877,15488137,73.21,438,2765,17,2184.4,28.3,16443,15291,NA,14.1,2765
2021-06-04,"Gauteng","GP",468654,0,11363,436649,20642,15488137,73.37,439,2986,24,2294.9,28.4,17263,16064,NA,14.8,2986
2021-06-05,"Gauteng","GP",471613,0,11404,438701,21508,15488137,73.63,440,2959,41,2399.7,30.6,18115,16798,NA,15.5,2959
2021-06-06,"Gauteng","GP",474484,0,11411,441008,22065,15488137,73.68,441,2871,7,2531.4,29.1,19000,17720,62,16.3,2871
2021-06-07,"Gauteng","GP",476514,0,11436,443378,21700,15488137,73.84,442,2030,25,2634.6,30.3,19900,18442,NA,17,2030
2021-06-08,"Gauteng","GP",479005,0,11481,445569,21955,15488137,74.13,443,2491,45,2727.7,30.4,20793,19094,NA,17.6,2491
2021-06-09,"Gauteng","GP",484116,0,11519,446765,25832,15488137,74.37,444,5111,38,3030.4,28.1,21940,21213,NA,19.6,5111
2021-06-10,"Gauteng","GP",489711,0,11573,447702,30436,15488137,74.72,445,5595,54,3434.7,33.4,23448,24043,NA,22.2,5595
2021-06-11,"Gauteng","GP",494537,0,11610,450938,31989,15488137,74.96,446,4826,37,3697.6,35.3,25069,25883,NA,23.9,4826
2021-06-12,"Gauteng","GP",500426,0,11648,453723,35055,15488137,75.21,447,5889,38,4116.1,34.9,27005,28813,NA,26.6,5889
2021-06-13,"Gauteng","GP",505322,0,11673,456745,36904,15488137,75.37,448,4896,25,4405.4,37.4,29124,30838,63,28.4,4896
2021-06-14,"Gauteng","GP",509053,0,11720,459891,37442,15488137,75.67,449,3731,47,4648.4,40.6,31373,32539,NA,30,3731
2021-06-15,"Gauteng","GP",514486,0,11793,463068,39625,15488137,76.14,450,5433,73,5068.7,44.6,33898,35481,NA,32.7,5433
2021-06-16,"Gauteng","GP",522366,0,11861,464738,45767,15488137,76.58,451,7880,68,5464.3,48.9,36745,38250,NA,35.3,7880
2021-06-17,"Gauteng","GP",529873,0,11919,466068,51886,15488137,76.96,452,7507,58,5737.4,49.4,39810,40162,NA,37,7507
2021-06-18,"Gauteng","GP",536848,0,11981,471634,53233,15488137,77.36,453,6975,62,6044.4,53,42845,42311,NA,39,6975
2021-06-19,"Gauteng","GP",545262,0,12079,477493,55690,15488137,77.99,454,8414,98,6405.1,61.6,45792,44836,NA,41.4,8414
2021-06-20,"Gauteng","GP",553908,0,12114,482862,58932,15488137,78.21,455,8646,35,6940.9,63,48939,48586,64,44.8,8646
2021-06-21,"Gauteng","GP",560202,0,12170,488844,59188,15488137,78.58,456,6294,56,7307,64.3,52046,51149,NA,47.2,6294
2021-06-22,"Gauteng","GP",567681,0,12320,494869,60492,15488137,79.54,457,7479,150,7599.3,75.3,55027,53195,NA,49.1,7479
2021-06-23,"Gauteng","GP",578488,0,12382,498488,67618,15488137,79.95,458,10807,62,8017.4,74.4,58148,56122,NA,51.8,10807
2021-06-24,"Gauteng","GP",588009,0,12434,500987,74588,15488137,80.28,459,9521,52,8305.1,73.6,61392,58136,NA,53.6,9521
2021-06-25,"Gauteng","GP",599791,0,12482,511014,76295,15488137,80.59,460,11782,48,8991.9,71.6,64686,62943,NA,58.1,11782
2021-06-26,"Gauteng","GP",611095,0,12554,520182,78359,15488137,81.06,461,11304,72,9404.7,67.9,67925,65833,NA,60.7,11304
2021-06-27,"Gauteng","GP",620956,0,12601,524202,84153,15488137,81.36,462,9861,47,9578.3,69.6,71528,67048,65,61.8,9861
2021-06-28,"Gauteng","GP",629399,0,12647,535353,81399,15488137,81.66,463,8443,46,9885.3,68.1,74701,69197,NA,63.8,8443
2021-06-29,"Gauteng","GP",638326,0,12769,546203,79354,15488137,82.44,464,8927,122,10092.1,64.1,77395,70645,NA,65.2,8927
2021-06-30,"Gauteng","GP",649494,0,12887,551199,85408,15488137,83.21,465,11168,118,10143.7,72.1,79937,71006,NA,65.5,11168
2021-07-01,"Gauteng","GP",662300,0,13094,554529,94677,15488137,84.54,466,12806,207,10613,94.3,82806,74291,NA,68.5,12806
2021-07-02,"Gauteng","GP",676524,0,13210,568758,94556,15488137,85.29,467,14224,116,10961.9,104,85415,76733,NA,70.8,14224
2021-07-03,"Gauteng","GP",692626,0,13316,581118,98192,15488137,85.98,468,16102,106,11647.3,108.9,88248,81531,NA,75.2,16102
2021-07-04,"Gauteng","GP",702083,0,13466,592866,95751,15488137,86.94,469,9457,150,11589.6,123.6,89905,81127,66,74.8,9457
2021-07-05,"Gauteng","GP",709628,0,13603,604556,91469,15488137,87.83,470,7545,137,11461.3,136.6,91344,80229,NA,74,7545
2021-07-06,"Gauteng","GP",718846,0,13770,615523,89553,15488137,88.91,471,9218,167,11502.9,143,92801,80520,NA,74.3,9218
2021-07-07,"Gauteng","GP",729398,0,13948,620704,94746,15488137,90.06,472,10552,178,11414.9,151.6,94135,79904,NA,73.7,10552
2021-07-08,"Gauteng","GP",741164,0,14133,624174,102857,15488137,91.25,473,11766,185,11266.3,148.4,95303,78864,NA,72.7,11766
2021-07-09,"Gauteng","GP",752883,0,14247,639338,99298,15488137,91.99,474,11719,114,10908.4,148.1,95981,76359,NA,70.4,11719
2021-07-10,"Gauteng","GP",763653,0,14377,652634,96642,15488137,92.83,475,10770,130,10146.7,151.6,95759,71027,NA,65.5,10770
2021-07-11,"Gauteng","GP",772196,0,14465,666709,91022,15488137,93.39,476,8543,88,10016.1,142.7,95084,70113,67,64.7,8543
2021-07-12,"Gauteng","GP",777814,0,14580,682594,80640,15488137,94.14,477,5618,115,9740.9,139.6,93537,68186,NA,62.9,5618
2021-07-13,"Gauteng","GP",784148,0,14688,694272,75188,15488137,94.83,478,6334,108,9328.9,131.1,91485,65302,NA,60.2,6334
2021-07-14,"Gauteng","GP",792130,0,14867,699717,77546,15488137,95.99,479,7982,179,8961.7,131.3,89028,62732,NA,57.9,7982
2021-07-15,"Gauteng","GP",799454,0,14991,703166,81297,15488137,96.79,480,7324,124,8327.1,122.6,85948,58290,NA,53.8,7324
2021-07-16,"Gauteng","GP",805484,0,15199,718284,72001,15488137,98.13,481,6030,208,7514.4,136,82048,52601,NA,48.5,6030
2021-07-17,"Gauteng","GP",811842,0,15311,729926,66605,15488137,98.86,482,6358,112,6884.1,133.4,77757,48189,NA,44.4,6358
2021-07-18,"Gauteng","GP",816240,0,15391,741720,59129,15488137,99.37,483,4398,80,6292,132.3,73201,44044,68,40.6,4398
2021-07-19,"Gauteng","GP",818859,0,15482,751803,51574,15488137,99.96,484,2619,91,5863.6,128.9,69049,41045,NA,37.9,2619
2021-07-20,"Gauteng","GP",822159,0,15605,760876,45678,15488137,100.75,485,3300,123,5430.1,131,64833,38011,NA,35.1,3300
2021-07-21,"Gauteng","GP",827393,0,15762,765240,46391,15488137,101.77,486,5234,157,5037.6,127.9,60382,35263,NA,32.5,5234
2021-07-22,"Gauteng","GP",832383,0,15903,767809,48671,15488137,102.68,487,4990,141,4704.1,130.3,55721,32929,NA,30.4,4990
2021-07-23,"Gauteng","GP",836883,0,16012,777381,43490,15488137,103.38,488,4500,109,4485.6,116.1,51648,31399,NA,29,4500
2021-07-24,"Gauteng","GP",840530,0,16107,784447,39976,15488137,104,489,3647,95,4098.3,113.7,47844,28688,NA,26.5,3647
2021-07-25,"Gauteng","GP",843204,0,16262,790174,36768,15488137,105,490,2674,155,3852,124.4,44650,26964,69,24.9,2674
2021-07-26,"Gauteng","GP",844746,0,16436,795422,32888,15488137,106.12,491,1542,174,3698.1,136.3,41980,25887,NA,23.9,1542
2021-07-27,"Gauteng","GP",847043,0,16518,800530,29995,15488137,106.65,492,2297,82,3554.9,130.4,39740,24884,NA,23,2297
2021-07-28,"Gauteng","GP",852202,0,16679,802812,32711,15488137,107.69,493,5159,161,3544.1,131,37786,24809,NA,22.9,5159
2021-07-29,"Gauteng","GP",855814,0,16761,804357,34696,15488137,108.22,494,3612,82,3347.3,122.6,35789,23431,NA,21.6,3612
2021-07-30,"Gauteng","GP",858873,0,16813,810965,31095,15488137,108.55,495,3059,52,3141.4,114.4,34018,21990,NA,20.3,3059
2021-07-31,"Gauteng","GP",861493,0,16922,815594,28977,15488137,109.26,496,2620,109,2994.7,116.4,32447,20963,NA,19.3,2620
2021-08-01,"Gauteng","GP",863500,0,16983,819815,26702,15488137,109.65,497,2007,61,2899.4,103,31009,20296,70,18.7,2007
2021-08-02,"Gauteng","GP",864547,0,17079,823090,24378,15488137,110.27,498,1047,96,2828.7,91.9,29793,19801,NA,18.3,1047
2021-08-03,"Gauteng","GP",866786,0,17222,826138,23426,15488137,111.19,499,2239,143,2820.4,100.6,28855,19743,NA,18.2,2239
2021-08-04,"Gauteng","GP",869630,0,17346,827608,24676,15488137,112,500,2844,124,2489.7,95.3,27707,17428,NA,16.1,2844
2021-08-05,"Gauteng","GP",872306,0,17428,828604,26274,15488137,112.52,501,2676,82,2356,95.3,26504,16492,NA,15.2,2676
2021-08-06,"Gauteng","GP",874794,0,17539,834230,23025,15488137,113.24,502,2488,111,2274.4,103.7,25351,15921,NA,14.7,2488
2021-08-07,"Gauteng","GP",876748,0,17604,837600,21544,15488137,113.66,503,1954,65,2179.3,97.4,24289,15255,NA,14.1,1954
2021-08-08,"Gauteng","GP",878410,0,17676,840764,19970,15488137,114.13,504,1662,72,2130,99,23328,14910,71,13.8,1662
2021-08-09,"Gauteng","GP",879420,0,17748,843711,17961,15488137,114.59,505,1010,72,2124.7,95.6,22411,14873,NA,13.7,1010
2021-08-10,"Gauteng","GP",880644,0,17783,846243,16618,15488137,114.82,506,1224,35,1979.7,80.1,21438,13858,NA,12.8,1224
2021-08-11,"Gauteng","GP",881888,0,17848,847438,16602,15488137,115.24,507,1244,65,1751.1,71.7,20285,12258,NA,11.3,1244
2021-08-12,"Gauteng","GP",884129,0,17915,848162,18052,15488137,115.67,508,2241,67,1689,69.6,19110,11823,NA,10.9,2241
2021-08-13,"Gauteng","GP",886137,0,17968,851522,16647,15488137,116.01,509,2008,53,1620.4,61.3,18199,11343,NA,10.5,2008
2021-08-14,"Gauteng","GP",887861,0,18011,854186,15664,15488137,116.29,510,1724,43,1587.6,58.1,17359,11113,NA,10.3,1724
2021-08-15,"Gauteng","GP",889083,0,18089,856494,14500,15488137,116.79,511,1222,78,1524.7,59,16578,10673,72,9.8,1222
2021-08-16,"Gauteng","GP",889748,0,18165,858722,12861,15488137,117.28,512,665,76,1475.4,59.6,15849,10328,NA,9.5,665
2021-08-17,"Gauteng","GP",890978,0,18200,860526,12252,15488137,117.51,513,1230,35,1476.3,59.6,15225,10334,NA,9.5,1230
2021-08-18,"Gauteng","GP",892749,0,18269,861481,12999,15488137,117.95,514,1771,69,1551.6,60.1,14711,10861,NA,10,1771
2021-08-19,"Gauteng","GP",894333,0,18307,862153,13873,15488137,118.2,515,1584,38,1457.7,56,14114,10204,NA,9.4,1584
2021-08-20,"Gauteng","GP",895773,0,18342,862912,14519,15488137,118.43,516,1440,35,1376.6,53.4,13810,9636,NA,8.9,1440
2021-08-21,"Gauteng","GP",897159,0,18382,865546,13231,15488137,118.68,517,1386,40,1328.3,53,13462,9298,NA,8.6,1386
2021-08-22,"Gauteng","GP",898155,0,18413,867478,12264,15488137,118.88,518,996,31,1296,46.3,13143,9072,73,8.4,996
2021-08-23,"Gauteng","GP",898649,0,18426,869306,10917,15488137,118.97,519,494,13,1271.6,37.3,12865,8901,NA,8.2,494
2021-08-24,"Gauteng","GP",899599,0,18459,870903,10237,15488137,119.18,520,950,33,1231.6,37,12577,8621,NA,8,950
2021-08-25,"Gauteng","GP",900921,0,18492,871650,10779,15488137,119.39,521,1322,33,1167.4,31.9,12260,8172,NA,7.5,1322
2021-08-26,"Gauteng","GP",902057,0,18551,872068,11438,15488137,119.78,522,1136,59,1103.4,34.9,11912,7724,NA,7.1,1136
2021-08-27,"Gauteng","GP",903155,0,18578,873964,10613,15488137,119.95,523,1098,27,1054.6,33.7,11354,7382,NA,6.8,1098
2021-08-28,"Gauteng","GP",903951,0,18605,875543,9803,15488137,120.12,524,796,27,970.3,31.9,10864,6792,NA,6.3,796
2021-08-29,"Gauteng","GP",904596,0,18618,877005,8973,15488137,120.21,525,645,13,920.1,29.3,10394,6441,74,5.9,645
2021-08-30,"Gauteng","GP",904918,0,18690,878338,7890,15488137,120.67,526,322,72,895.6,37.7,9962,6269,NA,5.8,322
2021-08-31,"Gauteng","GP",905414,0,18721,879462,7231,15488137,120.87,527,496,31,830.7,37.4,9532,5815,NA,5.4,496
2021-09-01,"Gauteng","GP",906208,0,18763,880008,7437,15488137,121.14,528,794,42,755.3,38.7,9055,5287,NA,4.9,794
2021-09-02,"Gauteng","GP",906984,0,18784,880367,7833,15488137,121.28,529,776,21,703.9,33.3,8540,4927,NA,4.5,776
2021-09-03,"Gauteng","GP",907644,0,18811,881855,6978,15488137,121.45,530,660,27,641.3,33.3,8021,4489,NA,4.1,660
2021-09-04,"Gauteng","GP",908184,0,18866,883009,6309,15488137,121.81,531,540,55,604.7,37.3,7522,4233,NA,3.9,540
2021-09-05,"Gauteng","GP",908711,0,18867,884049,5795,15488137,121.82,532,527,1,587.9,35.6,7068,4115,75,3.8,527
2021-09-06,"Gauteng","GP",908931,0,18869,884939,5123,15488137,121.83,533,220,2,573.3,25.6,6672,4013,NA,3.7,220
2021-09-07,"Gauteng","GP",909388,0,18912,885713,4763,15488137,122.11,534,457,43,567.7,27.3,6320,3974,NA,3.7,457
2021-09-08,"Gauteng","GP",909987,0,18931,886059,4997,15488137,122.23,535,599,19,539.9,24,5971,3779,NA,3.5,599
2021-09-09,"Gauteng","GP",910555,0,18963,886313,5279,15488137,122.44,536,568,32,510.1,25.6,5606,3571,NA,3.3,568
2021-09-10,"Gauteng","GP",911104,0,19031,887207,4866,15488137,122.87,537,549,68,494.3,31.4,5305,3460,NA,3.2,549
2021-09-11,"Gauteng","GP",911537,0,19051,887972,4514,15488137,123,538,433,20,479,26.4,5048,3353,NA,3.1,433
2021-09-12,"Gauteng","GP",911854,0,19063,888554,4237,15488137,123.08,539,317,12,449,28,4826,3143,76,2.9,317
2021-09-13,"Gauteng","GP",911995,0,19068,889137,3790,15488137,123.11,540,141,5,437.7,28.4,4635,3064,NA,2.8,141
2021-09-14,"Gauteng","GP",912315,0,19078,889671,3566,15488137,123.18,541,320,10,418.1,23.7,4464,2927,NA,2.7,320
2021-09-15,"Gauteng","GP",912728,0,19102,889924,3702,15488137,123.33,542,413,24,391.6,24.4,4279,2741,NA,2.5,413
2021-09-16,"Gauteng","GP",913137,0,19150,890121,3866,15488137,123.64,543,409,48,368.9,26.7,4077,2582,NA,2.4,409
2021-09-17,"Gauteng","GP",913494,0,19174,890840,3480,15488137,123.8,544,357,24,341.4,20.4,3879,2390,NA,2.2,357
2021-09-18,"Gauteng","GP",913848,0,19194,891367,3287,15488137,123.93,545,354,20,330.1,20.4,3704,2311,NA,2.1,354
2021-09-19,"Gauteng","GP",914083,0,19207,891798,3078,15488137,124.01,546,235,13,318.4,20.6,3538,2229,77,2.1,235
2021-09-20,"Gauteng","GP",914199,0,19215,892245,2739,15488137,124.06,547,116,8,314.9,21,3388,2204,NA,2,116
2021-09-21,"Gauteng","GP",914460,0,19233,892645,2582,15488137,124.18,548,261,18,306.4,22.1,3248,2145,NA,2,261
2021-09-22,"Gauteng","GP",914784,0,19255,892823,2706,15488137,124.32,549,324,22,293.7,21.9,3105,2056,NA,1.9,324
2021-09-23,"Gauteng","GP",915089,0,19262,892984,2843,15488137,124.37,550,305,7,278.9,16,2959,1952,NA,1.8,305
2021-09-24,"Gauteng","GP",915326,0,19302,893439,2585,15488137,124.62,551,237,40,261.7,18.3,2831,1832,NA,1.7,237
2021-09-25,"Gauteng","GP",915527,0,19302,893859,2366,15488137,124.62,552,201,0,239.9,15.4,2700,1679,NA,1.5,201
2021-09-26,"Gauteng","GP",915609,0,19306,894203,2100,15488137,124.65,553,82,4,218,14.1,2560,1526,78,1.4,82
2021-09-27,"Gauteng","GP",915716,0,19340,894521,1855,15488137,124.87,554,107,34,216.7,17.9,2434,1517,NA,1.4,107
2021-09-28,"Gauteng","GP",915904,0,19365,894768,1771,15488137,125.03,555,188,25,206.3,18.9,2318,1444,NA,1.3,188
2021-09-29,"Gauteng","GP",916136,0,19380,894910,1846,15488137,125.13,556,232,15,193.1,17.9,2195,1352,NA,1.2,232
2021-09-30,"Gauteng","GP",916377,0,19390,895032,1955,15488137,125.19,557,241,10,184,18.3,2068,1288,NA,1.2,241
2021-10-01,"Gauteng","GP",916568,0,19399,895404,1765,15488137,125.25,558,191,9,177.4,13.9,1951,1242,NA,1.1,191
2021-10-02,"Gauteng","GP",916751,0,19405,895677,1669,15488137,125.29,559,183,6,174.9,14.7,1852,1224,NA,1.1,183
2021-10-03,"Gauteng","GP",916848,0,19406,895936,1506,15488137,125.3,560,97,1,177,14.3,1767,1239,79,1.1,97
2021-10-04,"Gauteng","GP",916927,0,19407,896139,1381,15488137,125.3,561,79,1,173,9.6,1699,1211,NA,1.1,79
2021-10-05,"Gauteng","GP",917049,0,19411,896235,1403,15488137,125.33,562,122,4,163.6,6.6,1646,1145,NA,1.1,122
2021-10-06,"Gauteng","GP",917201,0,19426,896321,1454,15488137,125.43,563,152,15,152.1,6.6,1590,1065,NA,1,152
2021-10-07,"Gauteng","GP",917360,0,19431,896413,1516,15488137,125.46,564,159,5,140.4,5.9,1528,983,NA,0.9,159
2021-10-08,"Gauteng","GP",917498,0,19433,896691,1374,15488137,125.47,565,138,2,132.9,4.9,1472,930,NA,0.9,138
2021-10-09,"Gauteng","GP",917650,0,19439,896887,1324,15488137,125.51,566,152,6,128.4,4.9,1423,899,NA,0.8,152
2021-10-10,"Gauteng","GP",917759,0,19446,897069,1244,15488137,125.55,567,109,7,130.1,5.7,1385,911,80,0.8,109
2021-10-11,"Gauteng","GP",917801,0,19450,897258,1093,15488137,125.58,568,42,4,124.9,6.1,1344,874,NA,0.8,42
2021-10-12,"Gauteng","GP",917900,0,19453,897401,1046,15488137,125.6,569,99,3,121.6,6,1293,851,NA,0.8,99
2021-10-13,"Gauteng","GP",918078,0,19457,897479,1142,15488137,125.63,570,178,4,125.3,4.4,1248,877,NA,0.8,178
2021-10-14,"Gauteng","GP",918207,0,19459,897568,1180,15488137,125.64,571,129,2,121,4,1200,847,NA,0.8,129
2021-10-15,"Gauteng","GP",918318,0,19464,897747,1107,15488137,125.67,572,111,5,117.1,4.4,1162,820,NA,0.8,111
2021-10-16,"Gauteng","GP",918411,0,19468,897878,1065,15488137,125.7,573,93,4,108.7,4.1,1125,761,NA,0.7,93
2021-10-17,"Gauteng","GP",918498,0,19471,898024,1003,15488137,125.72,574,87,3,105.6,3.6,1091,739,81,0.7,87
2021-10-18,"Gauteng","GP",918537,0,19472,898160,905,15488137,125.72,575,39,1,105.1,3.1,1064,736,NA,0.7,39
2021-10-19,"Gauteng","GP",918631,0,19477,898286,868,15488137,125.75,576,94,5,104.4,3.4,1039,731,NA,0.7,94
2021-10-20,"Gauteng","GP",918702,0,19496,898352,854,15488137,125.88,577,71,19,89.1,5.6,997,624,NA,0.6,71
2021-10-21,"Gauteng","GP",918779,0,19561,898352,866,15488137,126.3,578,77,65,81.7,14.6,953,572,NA,0.5,77
2021-10-22,"Gauteng","GP",918847,0,19566,898503,778,15488137,126.33,579,68,5,75.6,14.6,906,529,NA,0.5,68
2021-10-23,"Gauteng","GP",918895,0,19570,898630,695,15488137,126.35,580,48,4,69.1,14.6,853,484,NA,0.4,48
2021-10-24,"Gauteng","GP",918952,0,19575,898740,637,15488137,126.39,581,57,5,64.9,14.9,800,454,82,0.4,57
2021-10-25,"Gauteng","GP",918996,0,19576,898840,580,15488137,126.39,582,44,1,65.6,14.9,754,459,NA,0.4,44
2021-10-26,"Gauteng","GP",919070,0,19583,898913,574,15488137,126.44,583,74,7,62.7,15.1,712,439,NA,0.4,74
2021-10-27,"Gauteng","GP",919173,0,19583,899010,580,15488137,126.44,584,103,0,67.3,12.4,673,471,NA,0.4,103
2021-10-28,"Gauteng","GP",919324,0,19587,899135,602,15488137,126.46,585,151,4,77.9,3.7,635,545,NA,0.5,151
2021-10-29,"Gauteng","GP",919485,0,19593,899318,574,15488137,126.5,586,161,6,91.1,3.9,606,638,NA,0.6,161
2021-10-30,"Gauteng","GP",919541,0,19598,899386,557,15488137,126.54,587,56,5,92.3,4,586,646,NA,0.6,56
2021-10-31,"Gauteng","GP",919577,0,19601,899457,519,15488137,126.55,588,36,3,89.3,3.7,569,625,NA,0.6,36
2021-11-01,"Gauteng","GP",919599,0,19603,899506,490,15488137,126.57,589,22,2,86.1,3.9,557,603,NA,0.6,22
2021-11-02,"Gauteng","GP",919634,0,19603,899570,461,15488137,126.57,590,35,0,80.6,2.9,540,564,NA,0.5,35
2021-11-03,"Gauteng","GP",919774,0,19606,899697,471,15488137,126.59,591,140,3,85.9,3.3,525,601,NA,0.6,140
2021-11-04,"Gauteng","GP",919836,0,19610,899742,484,15488137,126.61,592,62,4,73.1,3.3,508,512,NA,0.5,62
2021-11-05,"Gauteng","GP",919921,0,19613,899839,469,15488137,126.63,593,85,3,62.3,2.9,493,436,NA,0.4,85
2021-11-06,"Gauteng","GP",920028,0,19616,899950,462,15488137,126.65,594,107,3,69.6,2.6,479,487,NA,0.4,107
2021-11-07,"Gauteng","GP",920068,0,19619,900016,433,15488137,126.67,595,40,3,70.1,2.6,467,491,NA,0.5,40
2021-11-08,"Gauteng","GP",920106,0,19621,900080,405,15488137,126.68,596,38,2,72.4,2.6,455,507,NA,0.5,38
2021-11-09,"Gauteng","GP",920196,0,19622,900170,404,15488137,126.69,597,90,1,80.3,2.7,447,562,NA,0.5,90
2021-11-10,"Gauteng","GP",920286,0,19625,900230,431,15488137,126.71,598,90,3,73.1,2.7,441,512,NA,0.5,90
2021-11-11,"Gauteng","GP",920406,0,19629,900276,501,15488137,126.74,599,120,4,81.4,2.7,444,570,NA,0.5,120
2021-11-12,"Gauteng","GP",920579,0,19631,900377,571,15488137,126.75,600,173,2,94,2.6,458,658,NA,0.6,173
2021-11-13,"Gauteng","GP",920704,0,19634,900464,606,15488137,126.77,601,125,3,96.6,2.6,479,676,NA,0.6,125
2021-11-14,"Gauteng","GP",920830,0,19637,900516,677,15488137,126.79,602,126,3,108.9,2.6,514,762,NA,0.7,126
2021-11-15,"Gauteng","GP",920888,0,19637,900560,691,15488137,126.79,603,58,0,111.7,2.3,554,782,NA,0.7,58
2021-11-16,"Gauteng","GP",921036,0,19639,900636,761,15488137,126.8,604,148,2,120,2.4,605,840,NA,0.8,148
2021-11-17,"Gauteng","GP",921368,0,19641,900712,1015,15488137,126.81,605,332,2,154.6,2.3,689,1082,NA,1,332
2021-11-18,"Gauteng","GP",921740,0,19646,900741,1353,15488137,126.85,606,372,5,190.6,2.4,811,1334,NA,1.2,372
2021-11-19,"Gauteng","GP",922249,0,19647,900816,1786,15488137,126.85,607,509,1,238.6,2.3,984,1670,NA,1.5,509
2021-11-20,"Gauteng","GP",922834,0,19650,900998,2186,15488137,126.87,608,585,3,304.3,2.3,1210,2130,NA,2,585
2021-11-21,"Gauteng","GP",923379,0,19651,901088,2640,15488137,126.88,609,545,1,364.1,2,1490,2549,NA,2.4,545
2021-11-22,"Gauteng","GP",923618,0,19660,901211,2747,15488137,126.94,610,239,9,390,3.3,1784,2730,NA,2.5,239
2021-11-23,"Gauteng","GP",931717,924223,19660,908493,3564,15488137,126.94,611,605,0,455.3,3,2184,3187,NA,2.9,8099
2021-11-24,"Gauteng","GP",932738,0,19662,908602,4474,15488137,126.95,612,1021,2,553.7,3,2679,3876,NA,3.6,1021
2021-11-25,"Gauteng","GP",934689,0,19665,908669,6355,15488137,126.97,613,1951,3,779.3,2.7,3393,5455,NA,5,1951
2021-11-26,"Gauteng","GP",936873,0,19671,908942,8260,15488137,127.01,614,2184,6,1018.6,3.4,4318,7130,NA,6.6,2184
2021-11-27,"Gauteng","GP",939502,0,19675,909285,10542,15488137,127.03,615,2629,4,1310.6,3.6,5512,9174,NA,8.5,2629
2021-11-28,"Gauteng","GP",941811,0,19676,909822,12313,15488137,127.04,616,2309,1,1562.6,3.6,6894,10938,NA,10.1,2309
2021-11-29,"Gauteng","GP",943720,0,19680,910388,13652,15488137,127.06,617,1909,4,1801.1,2.9,8451,12608,NA,11.6,1909
2021-11-30,"Gauteng","GP",946851,0,19687,911042,16122,15488137,127.11,618,3131,7,2162,3.9,10245,15134,NA,14,3131
2021-12-01,"Gauteng","GP",953020,0,19698,911345,21977,15488137,127.18,619,6169,11,2897.4,5.1,12746,20282,NA,18.7,6169
2021-12-02,"Gauteng","GP",961301,0,19701,911620,29980,15488137,127.2,620,8281,3,3801.7,5.1,16121,26612,NA,24.5,8281
2021-12-03,"Gauteng","GP",972872,0,19707,912885,40280,15488137,127.24,621,11571,6,5142.7,5.1,20695,35999,NA,33.2,11571
2021-12-04,"Gauteng","GP",984481,0,19718,914752,50011,15488137,127.31,622,11609,11,6425.6,6.1,26334,44979,NA,41.5,11609
2021-12-05,"Gauteng","GP",992423,0,19719,917199,55505,15488137,127.32,623,7942,1,7230.3,6.1,32504,50612,NA,46.7,7942
2021-12-06,"Gauteng","GP",996915,0,19724,919978,57213,15488137,127.35,624,4492,5,7599.3,6.3,38727,53195,NA,49.1,4492
2021-12-07,"Gauteng","GP",1005360,0,19737,922905,62718,15488137,127.43,625,8445,13,8358.4,7.1,45383,58509,NA,54,8445
2021-12-08,"Gauteng","GP",1017063,0,19750,924451,72862,15488137,127.52,626,11703,13,9149,7.4,52653,64043,NA,59.1,11703
2021-12-09,"Gauteng","GP",1028854,0,19757,925849,83248,15488137,127.56,627,11791,7,9650.4,8,60262,67553,NA,62.3,11791
2021-12-10,"Gauteng","GP",1038112,0,19765,933206,85141,15488137,127.61,628,9258,8,9320,8.3,66671,65240,NA,60.2,9258
2021-12-11,"Gauteng","GP",1045633,0,19783,933206,92644,15488137,127.73,629,7521,18,8736,9.3,72762,61152,NA,56.4,7521
2021-12-12,"Gauteng","GP",1063349,0,19796,955002,88551,15488137,127.81,630,17716,13,10132.3,11,77482,70926,NA,65.4,17716
2021-12-13,"Gauteng","GP",1069538,0,19798,955002,94738,15488137,127.83,631,6189,2,10374.7,10.6,82843,72623,NA,67,6189
2021-12-14,"Gauteng","GP",1077778,0,19810,980206,77762,15488137,127.9,632,8240,12,10345.4,10.4,84992,72418,NA,66.8,8240
2021-12-15,"Gauteng","GP",1085803,0,19831,985236,80736,15488137,128.04,633,8025,21,9820,11.6,86117,68740,NA,63.4,8025
2021-12-16,"Gauteng","GP",1092552,0,19842,988556,84154,15488137,128.11,634,6749,11,9099.7,12.1,86247,63698,NA,58.8,6749
2021-12-17,"Gauteng","GP",1098402,0,19866,1003194,75342,15488137,128.27,635,5850,24,8612.9,14.4,84847,60290,NA,55.6,5850
2021-12-18,"Gauteng","GP",1101871,0,19887,1016854,65130,15488137,128.4,636,3469,21,8034,14.9,80916,56238,NA,51.9,3469
2021-12-19,"Gauteng","GP",1105453,0,19888,1030016,55549,15488137,128.41,637,3582,1,6014.9,13.1,76202,42104,NA,38.8,3582
2021-12-20,"Gauteng","GP",1107360,0,19906,1041278,46176,15488137,128.52,638,1907,18,5403.1,15.4,69264,37822,NA,34.9,1907
2021-12-21,"Gauteng","GP",1110679,0,19920,1050639,40120,15488137,128.61,639,3319,14,4700.1,15.7,63887,32901,NA,30.3,3319
2021-12-22,"Gauteng","GP",1114501,0,19975,1054770,39756,15488137,128.97,640,3822,55,4099.7,20.6,58032,28698,NA,26.5,3822
2021-12-23,"Gauteng","GP",1118707,0,20002,1057704,41001,15488137,129.14,641,4206,27,3736.4,22.9,51868,26155,NA,24.1,4206
2021-12-24,"Gauteng","GP",1122103,0,20015,1066474,35614,15488137,129.23,642,3396,13,3385.9,21.3,46192,23701,NA,21.9,3396
2021-12-25,"Gauteng","GP",1124872,0,20015,1073895,30962,15488137,129.23,643,2769,0,3285.9,18.3,41311,23001,NA,21.2,2769
2021-12-26,"Gauteng","GP",1125828,0,20023,1079931,25874,15488137,129.28,644,956,8,2910.7,19.3,37072,20375,NA,18.8,956
2021-12-27,"Gauteng","GP",1126669,0,20023,1081297,25349,15488137,129.28,645,841,0,2758.4,16.7,34097,19309,NA,17.8,841
2021-12-28,"Gauteng","GP",1128287,0,20031,1086712,21544,15488137,129.33,646,1618,8,2515.4,15.9,31443,17608,NA,16.2,1618
2021-12-29,"Gauteng","GP",1130150,0,20053,1086712,23385,15488137,129.47,647,1863,22,2235.6,11.1,29104,15649,NA,14.4,1863
2021-12-30,"Gauteng","GP",1132399,0,20083,1090966,21350,15488137,129.67,648,2249,30,1956,11.6,26297,13692,NA,12.6,2249
2021-12-31,"Gauteng","GP",1134520,0,20108,1095434,18978,15488137,129.83,649,2121,25,1773.9,13.3,23920,12417,NA,11.5,2121
2022-01-01,"Gauteng","GP",1136171,0,20128,1095434,20609,15488137,129.96,650,1651,20,1614.1,16.1,22441,11299,NA,10.4,1651
2022-01-02,"Gauteng","GP",1136960,0,20146,1102593,14221,15488137,130.07,651,789,18,1590.3,17.6,20777,11132,NA,10.3,789
2022-01-03,"Gauteng","GP",1137897,0,20150,1105092,12655,15488137,130.1,652,937,4,1604,18.1,18963,11228,NA,10.4,937
2022-01-04,"Gauteng","GP",1139449,0,20189,1107028,12232,15488137,130.35,653,1552,39,1594.6,22.6,17633,11162,NA,10.3,1552
2022-01-05,"Gauteng","GP",1141617,0,20206,1107814,13597,15488137,130.46,654,2168,17,1638.1,21.9,16235,11467,NA,10.6,2168
2022-01-06,"Gauteng","GP",1143743,0,20333,1108966,14444,15488137,131.28,655,2126,127,1620.6,35.7,15248,11344,NA,10.5,2126
2022-01-07,"Gauteng","GP",1145558,0,20243,1110156,15159,15488137,130.7,656,1815,-90,1576.9,19.3,14702,11038,NA,10.2,1815
2022-01-08,"Gauteng","GP",1147095,0,20262,1112393,14440,15488137,130.82,657,1537,19,1560.6,19.1,13821,10924,NA,10.1,1537
2022-01-09,"Gauteng","GP",1148061,0,20263,1114203,13595,15488137,130.83,658,966,1,1585.9,16.7,13732,11101,NA,10.2,966
2022-01-10,"Gauteng","GP",1148895,0,20270,1115874,12751,15488137,130.87,659,834,7,1571.1,17.1,13745,10998,NA,10.1,834
2022-01-11,"Gauteng","GP",1150192,0,20286,1117262,12644,15488137,130.98,660,1297,16,1534.7,13.9,13804,10743,NA,9.9,1297
2022-01-12,"Gauteng","GP",1151646,0,20308,1117906,13432,15488137,131.12,661,1454,22,1432.7,14.6,13781,10029,NA,9.3,1454
2022-01-13,"Gauteng","GP",1152854,0,20326,1118875,13653,15488137,131.24,662,1208,18,1301.6,-1,13668,9111,NA,8.4,1208
2022-01-14,"Gauteng","GP",1153929,0,20334,1121043,12552,15488137,131.29,663,1075,8,1195.9,13,13295,8371,NA,7.7,1075
2022-01-15,"Gauteng","GP",1154906,0,20349,1121043,13514,15488137,131.38,664,977,15,1115.9,12.4,13163,7811,NA,7.2,977
2022-01-16,"Gauteng","GP",1155517,0,20350,1124925,10242,15488137,131.39,665,611,1,1065.1,12.4,12684,7456,NA,6.9,611
2022-01-17,"Gauteng","GP",1155946,0,20353,1126477,9116,15488137,131.41,666,429,3,1007.3,11.9,12165,7051,NA,6.5,429
2022-01-18,"Gauteng","GP",1156730,0,20361,1127851,8518,15488137,131.46,667,784,8,934,10.7,11575,6538,NA,6,784
2022-01-19,"Gauteng","GP",1157747,0,20372,1128646,8729,15488137,131.53,668,1017,11,871.6,9.1,10903,6101,NA,5.6,1017
2022-01-20,"Gauteng","GP",1158676,0,20380,1129315,8981,15488137,131.58,669,929,8,831.7,7.7,10236,5822,NA,5.4,929
2022-01-21,"Gauteng","GP",1159546,0,20389,1130924,8233,15488137,131.64,670,870,9,802.4,7.9,9619,5617,NA,5.2,870
2022-01-22,"Gauteng","GP",1160320,0,20402,1132213,7705,15488137,131.73,671,774,13,773.4,7.6,8789,5414,NA,5,774
2022-01-23,"Gauteng","GP",1160814,0,20407,1133273,7134,15488137,131.76,672,494,5,756.7,8.1,8345,5297,NA,4.9,494
2022-01-24,"Gauteng","GP",1161234,0,20408,1134187,6639,15488137,131.77,673,420,1,755.4,7.9,7991,5288,NA,4.9,420
2022-01-25,"Gauteng","GP",1162135,0,20412,1135029,6694,15488137,131.79,674,901,4,772.1,7.3,7731,5405,NA,5,901
2022-01-26,"Gauteng","GP",1163512,0,20415,1135554,7543,15488137,131.81,675,1377,3,823.6,6.1,7561,5765,NA,5.3,1377
2022-01-27,"Gauteng","GP",1164682,0,20417,1135993,8272,15488137,131.82,676,1170,2,858,5.3,7460,6006,NA,5.5,1170
2022-01-28,"Gauteng","GP",1165900,0,20425,1137066,8409,15488137,131.88,677,1218,8,907.7,5.1,7485,6354,NA,5.9,1218
2022-01-29,"Gauteng","GP",1166958,0,20426,1137980,8552,15488137,131.88,678,1058,1,948.3,3.4,7606,6638,NA,6.1,1058
2022-01-30,"Gauteng","GP",1167715,0,20427,1138860,8428,15488137,131.89,679,757,1,985.9,2.9,7791,6901,NA,6.4,757
2022-01-31,"Gauteng","GP",1168246,0,20430,1139674,8142,15488137,131.91,680,531,3,1001.7,3.1,8006,7012,NA,6.5,531
2022-02-01,"Gauteng","GP",1169248,0,20438,1140387,8423,15488137,131.96,681,1002,8,1016.1,3.7,8253,7113,NA,6.6,1002
2022-02-02,"Gauteng","GP",1170720,0,20470,1140798,9452,15488137,132.17,682,1472,32,1029.7,7.9,8525,7208,NA,6.6,1472
2022-02-03,"Gauteng","GP",1171725,0,20474,1141264,9987,15488137,132.19,683,1005,4,1006.1,8.1,8770,7043,NA,6.5,1005
2022-02-04,"Gauteng","GP",1172641,0,20478,1142693,9470,15488137,132.22,684,916,4,963,7.6,8922,6741,NA,6.2,916
2022-02-05,"Gauteng","GP",1173688,0,20484,1143955,9249,15488137,132.26,685,1047,6,961.4,8.3,9022,6730,NA,6.2,1047
2022-02-06,"Gauteng","GP",1174292,0,20487,1145103,8702,15488137,132.28,686,604,3,939.6,8.6,9061,6577,NA,6.1,604
2022-02-07,"Gauteng","GP",1174775,0,20487,1146167,8121,15488137,132.28,687,483,0,932.7,8.1,9058,6529,NA,6,483
2022-02-08,"Gauteng","GP",1175773,0,20496,1147062,8215,15488137,132.33,688,998,9,932.1,8.3,9028,6525,NA,6,998
2022-02-09,"Gauteng","GP",1177022,0,20505,1147634,8883,15488137,132.39,689,1249,9,900.3,5,8947,6302,NA,5.8,1249
2022-02-10,"Gauteng","GP",1178025,0,20510,1148170,9345,15488137,132.42,690,1003,5,900,5.1,8855,6300,NA,5.8,1003
2022-02-11,"Gauteng","GP",1179120,0,20515,1149831,8774,15488137,132.46,691,1095,5,925.6,5.3,8756,6479,NA,6,1095
2022-02-12,"Gauteng","GP",1180062,0,20520,1151017,8525,15488137,132.49,692,942,5,910.6,5.1,8652,6374,NA,5.9,942
2022-02-13,"Gauteng","GP",1180635,0,20523,1151929,8183,15488137,132.51,693,573,3,906.1,5.1,8578,6343,NA,5.9,573
2022-02-14,"Gauteng","GP",1181117,0,20525,1152958,7634,15488137,132.52,694,482,2,906,5.4,8508,6342,NA,5.8,482
2022-02-15,"Gauteng","GP",1182102,0,20526,1153862,7714,15488137,132.53,695,985,1,904.1,4.3,8437,6329,NA,5.8,985
2022-02-16,"Gauteng","GP",1183430,0,20530,1154402,8498,15488137,132.55,696,1328,4,915.4,3.6,8382,6408,NA,5.9,1328
2022-02-17,"Gauteng","GP",1184559,0,20536,1154874,9149,15488137,132.59,697,1129,6,933.4,3.7,8354,6534,NA,6,1129
2022-02-18,"Gauteng","GP",1185670,0,20537,1156246,8887,15488137,132.6,698,1111,1,935.7,3.1,8370,6550,NA,6,1111
2022-02-19,"Gauteng","GP",1186517,0,20538,1157346,8633,15488137,132.6,699,847,1,922.1,2.6,8385,6455,NA,6,847
2022-02-20,"Gauteng","GP",1187079,0,20538,1158410,8131,15488137,132.6,700,562,0,920.6,2.1,8378,6444,NA,5.9,562
2022-02-21,"Gauteng","GP",1187538,0,20546,1159349,7643,15488137,132.66,701,459,8,917.3,3,8379,6421,NA,5.9,459
2022-02-22,"Gauteng","GP",1188432,0,20551,1160225,7656,15488137,132.69,702,894,5,904.3,3.6,8371,6330,NA,5.8,894
2022-02-23,"Gauteng","GP",1189546,0,20555,1160721,8270,15488137,132.71,703,1114,4,873.7,3.6,8338,6116,NA,5.6,1114
2022-02-24,"Gauteng","GP",1190420,0,20559,1161209,8652,15488137,132.74,704,874,4,837.3,3.3,8267,5861,NA,5.4,874
2022-02-25,"Gauteng","GP",1191198,0,20566,1162554,8078,15488137,132.79,705,778,7,789.7,4.1,8152,5528,NA,5.1,778
2022-02-26,"Gauteng","GP",1192055,0,20571,1163748,7736,15488137,132.82,706,857,5,791.1,4.7,8024,5538,NA,5.1,857
2022-02-27,"Gauteng","GP",1192584,0,20571,1164881,7132,15488137,132.82,707,529,0,786.4,4.7,7881,5505,NA,5.1,529
2022-02-28,"Gauteng","GP",1192899,0,20572,1165846,6481,15488137,132.82,708,315,1,765.9,3.7,7715,5361,NA,4.9,315
2022-03-01,"Gauteng","GP",1193468,0,20575,1166662,6231,15488137,132.84,709,569,3,719.4,3.4,7511,5036,NA,4.6,569
2022-03-02,"Gauteng","GP",1194215,0,20579,1167054,6582,15488137,132.87,710,747,4,667,3.4,7270,4669,NA,4.3,747
2022-03-03,"Gauteng","GP",1194865,0,20581,1167462,6822,15488137,132.88,711,650,2,635,3.1,7009,4445,NA,4.1,650
2022-03-04,"Gauteng","GP",1195572,0,20584,1168663,6325,15488137,132.9,712,707,3,624.9,2.6,6758,4374,NA,4,707
2022-03-05,"Gauteng","GP",1196173,0,20584,1169542,6047,15488137,132.9,713,601,0,588.3,1.9,6517,4118,NA,3.8,601
2022-03-06,"Gauteng","GP",1196591,0,20584,1169542,6465,15488137,132.9,714,418,0,572.4,1.9,6422,4007,NA,3.7,418
2022-03-07,"Gauteng","GP",1196852,0,20586,1171188,5078,15488137,132.91,715,261,2,564.7,2,6221,3953,NA,3.6,261
2022-03-08,"Gauteng","GP",1197354,0,20587,1171825,4942,15488137,132.92,716,502,1,555.1,1.7,6037,3886,NA,3.6,502
2022-03-09,"Gauteng","GP",1198041,0,20591,1172201,5249,15488137,132.95,717,687,4,546.6,1.7,5847,3826,NA,3.5,687
2022-03-10,"Gauteng","GP",1198676,0,20595,1172550,5531,15488137,132.97,718,635,4,544.4,2,5662,3811,NA,3.5,635
2022-03-11,"Gauteng","GP",1199195,0,20598,1172550,6047,15488137,132.99,719,519,3,517.6,2,5623,3623,NA,3.3,519
2022-03-12,"Gauteng","GP",1199728,0,20598,1172550,6580,15488137,132.99,720,533,0,507.9,2,5699,3555,NA,3.3,533
2022-03-13,"Gauteng","GP",1200086,0,20601,1174791,4694,15488137,133.01,721,358,3,499.3,2.4,5446,3495,NA,3.2,358
2022-03-14,"Gauteng","GP",1200384,0,20601,1174791,4992,15488137,133.01,722,298,0,504.6,2.1,5434,3532,NA,3.3,298
2022-03-15,"Gauteng","GP",1201026,0,20601,1176034,4391,15488137,133.01,723,642,0,524.6,2,5355,3672,NA,3.4,642
2022-03-16,"Gauteng","GP",1201790,0,20604,1176382,4804,15488137,133.03,724,764,3,535.6,1.9,5291,3749,NA,3.5,764
2022-03-17,"Gauteng","GP",1202361,0,20608,1176618,5135,15488137,133.06,725,571,4,526.4,1.9,5235,3685,NA,3.4,571
2022-03-18,"Gauteng","GP",1202918,0,20608,1177392,4918,15488137,133.06,726,557,0,531.9,1.4,5073,3723,NA,3.4,557
2022-03-19,"Gauteng","GP",1203388,0,20608,1177956,4824,15488137,133.06,727,470,0,522.9,1.4,4823,3660,NA,3.4,470
2022-03-20,"Gauteng","GP",1203737,0,20609,1178520,4608,15488137,133.06,728,349,1,521.6,1.1,4810,3651,NA,3.4,349
2022-03-21,"Gauteng","GP",1203970,0,20612,1179070,4288,15488137,133.08,729,233,3,512.3,1.6,4710,3586,NA,3.3,233
2022-03-22,"Gauteng","GP",1204270,0,20612,1179556,4102,15488137,133.08,730,300,0,463.4,1.6,4668,3244,NA,3,300
2022-03-23,"Gauteng","GP",1204750,0,20613,1179842,4295,15488137,133.09,731,480,1,422.9,1.3,4596,2960,NA,2.7,480
2022-03-24,"Gauteng","GP",1205457,0,20618,1180152,4687,15488137,133.12,732,707,5,442.3,1.4,4532,3096,NA,2.9,707
2022-03-25,"Gauteng","GP",1206004,0,20620,1180990,4394,15488137,133.13,733,547,2,440.9,1.7,4457,3086,NA,2.8,547
2022-03-26,"Gauteng","GP",1206594,0,20643,1180990,4961,15488137,133.28,734,590,23,458,5,4476,3206,NA,3,590
2022-03-27,"Gauteng","GP",1206956,0,20644,1182117,4195,15488137,133.29,735,362,1,459.9,5,4417,3219,NA,3,362
2022-03-28,"Gauteng","GP",1207232,0,20645,1182643,3944,15488137,133.3,736,276,1,466,4.7,4368,3262,NA,3,276
2022-03-29,"Gauteng","GP",1207826,0,20648,1183106,4072,15488137,133.31,737,594,3,508,5.1,4364,3556,NA,3.3,594
2022-03-30,"Gauteng","GP",1208507,0,20652,1183414,4441,15488137,133.34,738,681,4,536.7,5.6,4385,3757,NA,3.5,681
2022-03-31,"Gauteng","GP",1209229,0,20658,1183704,4867,15488137,133.38,739,722,6,538.9,5.7,4411,3772,NA,3.5,722
2022-04-01,"Gauteng","GP",1209956,0,20659,1183980,5317,15488137,133.39,740,727,1,564.6,5.6,4542,3952,NA,3.6,727
2022-04-02,"Gauteng","GP",1210504,0,20659,1184712,5133,15488137,133.39,741,548,0,558.6,2.3,4567,3910,NA,3.6,548
2022-04-03,"Gauteng","GP",1210873,0,20661,1185359,4853,15488137,133.4,742,369,2,559.6,2.4,4661,3917,NA,3.6,369
2022-04-04,"Gauteng","GP",1211188,0,20661,1185870,4657,15488137,133.4,743,315,0,565.1,2.3,4763,3956,NA,3.6,315
2022-04-05,"Gauteng","GP",1211786,0,20663,1186373,4750,15488137,133.41,744,598,2,565.7,2.1,4860,3960,NA,3.7,598
2022-04-06,"Gauteng","GP",1212594,0,20665,1186677,5252,15488137,133.42,745,808,2,583.9,1.9,4976,4087,NA,3.8,808
2022-04-07,"Gauteng","GP",1213184,0,20667,1186956,5561,15488137,133.44,746,590,2,565,1.3,5075,3955,NA,3.6,590
2022-04-08,"Gauteng","GP",1213837,0,20668,1187759,5410,15488137,133.44,747,653,1,554.4,1.3,5088,3881,NA,3.6,653
2022-04-09,"Gauteng","GP",1214362,0,20669,1188360,5333,15488137,133.45,748,525,1,551.1,1.4,5117,3858,NA,3.6,525
2022-04-10,"Gauteng","GP",1214732,0,20669,1189121,4942,15488137,133.45,749,370,0,551.3,1.1,5129,3859,NA,3.6,370
2022-04-11,"Gauteng","GP",1215011,0,20669,1190785,3557,15488137,133.45,750,279,0,546.1,1.1,4972,3823,NA,3.5,279
2022-04-12,"Gauteng","GP",1215603,0,20669,1191577,3357,15488137,133.45,751,592,0,545.3,0.9,4773,3817,NA,3.5,592
2022-04-13,"Gauteng","GP",1216389,0,20669,1192269,3451,15488137,133.45,752,786,0,542.1,0.6,4516,3795,NA,3.5,786
2022-04-14,"Gauteng","GP",1217249,0,20670,1192941,3638,15488137,133.46,753,860,1,580.7,0.4,4241,4065,NA,3.7,860
2022-04-15,"Gauteng","GP",1218174,0,20670,1193542,3962,15488137,133.46,754,925,0,619.6,0.3,4034,4337,NA,4,925
2022-04-16,"Gauteng","GP",1218858,0,20670,1194034,4154,15488137,133.46,755,684,0,642.3,0.1,3866,4496,NA,4.1,684
2022-04-17,"Gauteng","GP",1219318,0,20672,1194313,4333,15488137,133.47,756,460,2,655.1,0.4,3779,4586,NA,4.2,460
2022-04-18,"Gauteng","GP",1219760,0,20677,1194588,4495,15488137,133.5,757,442,5,678.4,1.1,3913,4749,NA,4.4,442
2022-04-19,"Gauteng","GP",1220512,0,20678,1195367,4467,15488137,133.51,758,752,1,701.3,1.3,4071,4909,NA,4.5,752
2022-04-20,"Gauteng","GP",1221826,0,20678,1196182,4966,15488137,133.51,759,1314,0,776.7,1.3,4288,5437,NA,5,1314
2022-04-21,"Gauteng","GP",1223974,0,20680,1197098,6196,15488137,133.52,760,2148,2,960.7,1.4,4653,6725,NA,6.2,2148
2022-04-22,"Gauteng","GP",1226348,0,20681,1198046,7621,15488137,133.53,761,2374,1,1167.7,1.6,5176,8174,NA,7.5,2374
2022-04-23,"Gauteng","GP",1228384,0,20686,1198046,9652,15488137,133.56,762,2036,5,1360.9,2.3,5961,9526,NA,8.8,2036
2022-04-24,"Gauteng","GP",1230111,0,20688,1198490,10933,15488137,133.57,763,1727,2,1541.9,2.3,6904,10793,NA,10,1727
2022-04-25,"Gauteng","GP",1231192,0,20689,1199495,11008,15488137,133.58,764,1081,1,1633.1,1.7,7835,11432,NA,10.5,1081
2022-04-26,"Gauteng","GP",1233499,0,20691,1200235,12573,15488137,133.59,765,2307,2,1855.3,1.9,8993,12987,NA,12,2307
2022-04-27,"Gauteng","GP",1236648,0,20691,1202441,13516,15488137,133.59,766,3149,0,2117.4,1.9,10214,14822,NA,13.7,3149
2022-04-28,"Gauteng","GP",1238826,0,20691,1204726,13409,15488137,133.59,767,2178,0,2121.7,1.6,11245,14852,NA,13.7,2178
2022-04-29,"Gauteng","GP",1241000,0,20693,1206879,13428,15488137,133.61,768,2174,2,2093.1,1.7,12074,14652,NA,13.5,2174
2022-04-30,"Gauteng","GP",1243789,0,20695,1209054,14040,15488137,133.62,769,2789,2,2200.7,1.3,12701,15405,NA,14.2,2789
2022-05-01,"Gauteng","GP",1245562,0,20695,1210249,14618,15488137,133.62,770,1773,0,2207.3,1,13227,15451,NA,14.3,1773
2022-05-02,"Gauteng","GP",1246901,0,20695,1211398,14808,15488137,133.62,771,1339,0,2244.1,0.9,13770,15709,NA,14.5,1339
2022-05-03,"Gauteng","GP",1248586,0,20696,1214755,13135,15488137,133.62,772,1685,1,2155.3,0.7,13851,15087,NA,13.9,1685
2022-05-04,"Gauteng","GP",1251131,0,20703,1214755,15673,15488137,133.67,773,2545,7,2069,1.7,14159,14483,NA,13.4,2545
2022-05-05,"Gauteng","GP",1255463,0,20711,1218964,15788,15488137,133.72,774,4332,8,2376.7,2.9,14499,16637,NA,15.3,4332
2022-05-06,"Gauteng","GP",1259115,0,20714,1221992,16409,15488137,133.74,775,3652,3,2587.9,3,14924,18115,NA,16.7,3652
2022-05-07,"Gauteng","GP",1262405,0,20720,1224413,17272,15488137,133.78,776,3290,6,2659.4,3.6,15386,18616,NA,17.2,3290
2022-05-08,"Gauteng","GP",1264624,0,20725,1225834,18065,15488137,133.81,777,2219,5,2723.1,4.3,15879,19062,NA,17.6,2219
2022-05-09,"Gauteng","GP",1266302,0,20726,1227026,18550,15488137,133.82,778,1678,1,2771.6,4.4,16413,19401,NA,17.9,1678
2022-05-10,"Gauteng","GP",1269135,0,20728,1228672,19735,15488137,133.83,779,2833,2,2935.6,4.6,17356,20549,NA,19,2833
2022-05-11,"Gauteng","GP",1273081,0,20744,1233143,19194,15488137,133.93,780,3946,16,3135.7,5.9,17859,21950,NA,20.2,3946
2022-05-12,"Gauteng","GP",1276565,0,20749,1237178,18638,15488137,133.97,781,3484,5,3014.6,5.4,18266,21102,NA,19.5,3484
2022-05-13,"Gauteng","GP",1279894,0,20754,1240721,18419,15488137,134,782,3329,5,2968.4,5.7,18553,20779,NA,19.2,3329
2022-05-14,"Gauteng","GP",1283182,0,20756,1244318,18108,15488137,134.01,783,3288,2,2968.1,5.1,18673,20777,NA,19.2,3288
2022-05-15,"Gauteng","GP",1285081,0,20758,1245969,18354,15488137,134.03,784,1899,2,2922.4,4.7,18714,20457,NA,18.9,1899
2022-05-16,"Gauteng","GP",1286467,0,20761,1247250,18456,15488137,134.04,785,1386,3,2880.7,5,18701,20165,NA,18.6,1386
2022-05-17,"Gauteng","GP",1288283,0,20772,1251418,16093,15488137,134.12,786,1816,11,2735.4,6.3,18180,19148,NA,17.7,1816
2022-05-18,"Gauteng","GP",1291402,0,20782,1254987,15633,15488137,134.18,787,3119,10,2617.3,5.4,17672,18321,NA,16.9,3119
2022-05-19,"Gauteng","GP",1293832,0,20789,1258390,14653,15488137,134.23,788,2430,7,2466.7,5.7,17102,17267,NA,15.9,2430
2022-05-20,"Gauteng","GP",1296022,0,20794,1261530,13698,15488137,134.26,789,2190,5,2304,5.7,16428,16128,NA,14.9,2190
2022-05-21,"Gauteng","GP",1297743,0,20796,1264228,12719,15488137,134.27,790,1721,2,2080.1,5.7,15658,14561,NA,13.4,1721
2022-05-22,"Gauteng","GP",1299015,0,20798,1265502,12715,15488137,134.28,791,1272,2,1990.6,5.7,14852,13934,NA,12.9,1272
2022-05-23,"Gauteng","GP",1299668,0,20798,1266627,12243,15488137,134.28,792,653,0,1885.9,5.3,13965,13201,NA,12.2,653
2022-05-24,"Gauteng","GP",1300990,0,20821,1270206,9963,15488137,134.43,793,1322,23,1815.3,7,13089,12707,NA,11.7,1322
2022-05-25,"Gauteng","GP",1302663,0,20834,1272732,9097,15488137,134.52,794,1673,13,1608.7,7.4,12155,11261,NA,10.4,1673
2022-05-26,"Gauteng","GP",1303940,0,20842,1274887,8211,15488137,134.57,795,1277,8,1444,7.6,11235,10108,NA,9.3,1277
2022-05-27,"Gauteng","GP",1305026,0,20848,1276638,7540,15488137,134.61,796,1086,6,1286.3,7.7,10355,9004,NA,8.3,1086
2022-05-28,"Gauteng","GP",1306392,0,20854,1278318,7220,15488137,134.64,797,1366,6,1235.6,8.3,9570,8649,NA,8,1366
2022-05-29,"Gauteng","GP",1307007,0,20857,1279047,7103,15488137,134.66,798,615,3,1141.7,8.4,8768,7992,NA,7.4,615
2022-05-30,"Gauteng","GP",1307370,0,20857,1279640,6873,15488137,134.66,799,363,0,1100.3,8.4,8001,7702,NA,7.1,363
2022-05-31,"Gauteng","GP",1308180,0,20861,1281403,5916,15488137,134.69,800,810,4,1027.1,5.7,7423,7190,NA,6.6,810
2022-06-01,"Gauteng","GP",1309089,0,20869,1282759,5461,15488137,134.74,801,909,8,918,5,6903,6426,NA,5.9,909
2022-06-02,"Gauteng","GP",1310019,0,20872,1284073,5074,15488137,134.76,802,930,3,868.4,4.3,6455,6079,NA,5.6,930
2022-06-03,"Gauteng","GP",1310633,0,20879,1285177,4577,15488137,134.81,803,614,7,801,4.4,6032,5607,NA,5.2,614
2022-06-04,"Gauteng","GP",1311158,0,20879,1285177,5102,15488137,134.81,803,1139,7,876,4.4,6107,6132,NA,5.7,525
2022-06-05,"Gauteng","GP",1311537,0,20879,1286510,4148,15488137,134.81,804,904,0,735,3.6,5593,5145,NA,4.7,379
2022-06-06,"Gauteng","GP",1311811,0,20885,1286901,4025,15488137,134.85,804,653,6,774,5,5290,5418,NA,5,274
2022-06-07,"Gauteng","GP",1312519,0,20897,1288082,3540,15488137,134.92,805,982,18,898.3,6.7,4831,6288,NA,5.8,708
2022-06-08,"Gauteng","GP",1313179,0,20907,1288851,3421,15488137,134.99,805,1368,22,931,7.6,4544,6517,NA,6,660
2022-06-09,"Gauteng","GP",1313887,0,20911,1289779,3197,15488137,135.01,806,1368,14,941.4,7.9,4238,6590,NA,6.1,708
2022-06-10,"Gauteng","GP",1314435,0,20913,1290448,3074,15488137,135.03,806,1256,6,988,9.4,3984,6916,NA,6.4,548
2022-06-11,"Gauteng","GP",1314725,0,20913,1290976,2836,15488137,135.03,807,838,2,1036,9.9,3753,7252,NA,6.7,290
2022-06-12,"Gauteng","GP",1315085,0,20913,1291231,2941,15488137,135.03,807,650,0,1025.9,9.4,3478,7181,NA,6.6,360
2022-06-13,"Gauteng","GP",1315291,0,20918,1291499,2874,15488137,135.06,807,1404,7,1116.9,10.6,3758,7818,NA,7.2,206
2022-06-14,"Gauteng","GP",1315582,0,20925,1292219,2438,15488137,135.1,807,1147,12,1096.9,11.1,3406,7678,NA,7.1,291
2022-06-15,"Gauteng","GP",1316177,0,20928,1293003,2246,15488137,135.12,807,1452,15,1131,11.9,3191,7917,NA,7.3,595
2022-06-16,"Gauteng","GP",1316857,0,20928,1293729,2200,15488137,135.12,808,1772,15,1176.3,11,3030,8234,NA,7.6,680
2022-06-17,"Gauteng","GP",1317234,0,20931,1294353,1950,15488137,135.14,808,1943,13,1261,9.1,2899,8827,NA,8.1,377
2022-06-18,"Gauteng","GP",1317673,0,20931,1294985,1757,15488137,135.14,808,2091,6,1250.6,6.7,2731,8754,NA,8.1,439
2022-06-19,"Gauteng","GP",1318068,0,20931,1295342,1795,15488137,135.14,808,1891,3,1234,6.4,2601,8638,NA,8,395
2022-06-20,"Gauteng","GP",1318184,0,20936,1295525,1723,15488137,135.17,808,1327,8,1227.1,8.4,2465,8590,NA,7.9,116
2022-06-21,"Gauteng","GP",1318586,0,20937,1296191,1458,15488137,135.18,809,1352,6,1388.6,9.7,2301,9720,NA,9,402
2022-06-22,"Gauteng","GP",1318994,0,20946,1296642,1406,15488137,135.24,809,1321,15,1590,11.9,2124,11130,NA,10.3,408
2022-06-23,"Gauteng","GP",1319412,0,20949,1297084,1379,15488137,135.26,809,1344,18,1662.9,11.7,1966,11640,NA,10.7,418
2022-06-24,"Gauteng","GP",1319829,0,20953,1297424,1452,15488137,135.28,809,1645,17,1731.6,11,1875,12121,NA,11.2,417
2022-06-25,"Gauteng","GP",1319829,0,20953,1297424,1452,15488137,135.28,809,1243,16,1659.9,9.6,1762,11619,NA,10.7,0
2022-06-26,"Gauteng","GP",1320440,0,20953,1298112,1375,15488137,135.28,810,1446,7,1624.4,8.3,1638,11371,NA,10.5,611
2022-06-27,"Gauteng","GP",1320532,0,20957,1298260,1315,15488137,135.31,810,1120,8,1492.3,9.1,1548,10446,NA,9.6,92
2022-06-28,"Gauteng","GP",1320665,0,20958,1298596,1111,15488137,135.32,810,836,5,1388,10.3,1475,9716,NA,9,133
2022-06-29,"Gauteng","GP",1320828,0,20961,1298859,1008,15488137,135.34,810,999,8,1318.7,12.6,1411,9231,NA,8.5,163
2022-06-30,"Gauteng","GP",1320982,0,20973,1299110,899,15488137,135.41,810,542,20,1270.4,14.1,1346,8893,NA,8.2,154
